simulation time (min);1440.0;only events that occure within the simulation time are considered (events after that time are ignored)
manager id;event;time;result;involved station
1;EventManagerTakeBikesFromStation;1800;SUCCESS;162
1;EventManagerTakeBikesFromStation;1800;SUCCESS;162
1;EventManagerTakeBikesFromStation;1800;SUCCESS;162
1;EventManagerTakeBikesFromStation;1800;SUCCESS;93
1;EventManagerTakeBikesFromStation;1800;SUCCESS;93
1;EventManagerTakeBikesFromStation;1800;SUCCESS;72
1;EventManagerTakeBikesFromStation;1800;SUCCESS;93
1;EventManagerTakeBikesFromStation;1800;SUCCESS;72
1;EventManagerTakeBikesFromStation;1800;SUCCESS;72
1;EventManagerTakeBikesFromStation;1800;SUCCESS;162
1;EventManagerTakeBikesFromStation;1800;SUCCESS;93
1;EventManagerTakeBikesFromStation;1800;SUCCESS;72
1;EventManagerTakeBikesFromStation;1800;SUCCESS;72
1;EventManagerTakeBikesFromStation;1800;SUCCESS;93
1;EventManagerTakeBikesFromStation;1800;SUCCESS;72
1;EventManagerTakeBikesFromStation;1800;SUCCESS;72
1;EventManagerTakeBikesFromStation;1800;SUCCESS;162
1;EventManagerTakeBikesFromStation;1800;SUCCESS;93
1;EventManagerTakeBikesFromStation;1800;SUCCESS;93
1;EventManagerTakeBikesFromStation;1800;SUCCESS;93
1;EventManagerTakeBikesFromStation;1800;SUCCESS;162
1;EventManagerTakeBikesFromStation;1800;SUCCESS;93
1;EventManagerTakeBikesFromStation;1800;SUCCESS;162
1;EventManagerTakeBikesFromStation;1800;SUCCESS;93
1;EventManagerAddBikesToStation;4822;SUCCESS;78
1;EventManagerAddBikesToStation;4977;SUCCESS;78
1;EventManagerAddBikesToStation;4995;SUCCESS;78
1;EventManagerAddBikesToStation;5036;SUCCESS;78
1;EventManagerAddBikesToStation;5221;SUCCESS;78
1;EventManagerTakeBikesFromStation;5400;SUCCESS;151
1;EventManagerTakeBikesFromStation;5400;SUCCESS;64
1;EventManagerTakeBikesFromStation;5400;SUCCESS;64
1;EventManagerTakeBikesFromStation;5400;SUCCESS;151
1;EventManagerTakeBikesFromStation;5400;SUCCESS;69
1;EventManagerTakeBikesFromStation;5400;SUCCESS;69
1;EventManagerTakeBikesFromStation;5400;SUCCESS;151
1;EventManagerTakeBikesFromStation;5400;SUCCESS;69
1;EventManagerTakeBikesFromStation;5400;SUCCESS;69
1;EventManagerTakeBikesFromStation;5400;SUCCESS;69
1;EventManagerTakeBikesFromStation;5400;SUCCESS;151
1;EventManagerTakeBikesFromStation;5400;SUCCESS;151
1;EventManagerTakeBikesFromStation;5400;SUCCESS;151
1;EventManagerTakeBikesFromStation;5400;SUCCESS;151
1;EventManagerTakeBikesFromStation;5400;SUCCESS;151
1;EventManagerTakeBikesFromStation;5400;SUCCESS;159
1;EventManagerTakeBikesFromStation;5400;SUCCESS;113
1;EventManagerTakeBikesFromStation;5400;SUCCESS;113
1;EventManagerTakeBikesFromStation;5400;SUCCESS;113
1;EventManagerTakeBikesFromStation;5400;SUCCESS;113
1;EventManagerTakeBikesFromStation;5400;SUCCESS;159
1;EventManagerTakeBikesFromStation;5400;SUCCESS;113
1;EventManagerTakeBikesFromStation;5400;SUCCESS;113
1;EventManagerTakeBikesFromStation;5400;SUCCESS;162
1;EventManagerTakeBikesFromStation;5400;SUCCESS;159
1;EventManagerTakeBikesFromStation;5400;SUCCESS;113
1;EventManagerTakeBikesFromStation;5400;SUCCESS;162
1;EventManagerTakeBikesFromStation;5400;SUCCESS;159
1;EventManagerTakeBikesFromStation;5400;SUCCESS;159
1;EventManagerTakeBikesFromStation;5400;SUCCESS;162
1;EventManagerTakeBikesFromStation;5400;SUCCESS;113
1;EventManagerTakeBikesFromStation;5400;SUCCESS;64
1;EventManagerTakeBikesFromStation;5400;SUCCESS;64
1;EventManagerTakeBikesFromStation;5400;SUCCESS;151
1;EventManagerTakeBikesFromStation;5400;SUCCESS;64
1;EventManagerTakeBikesFromStation;5400;SUCCESS;151
1;EventManagerTakeBikesFromStation;5400;SUCCESS;64
1;EventManagerTakeBikesFromStation;5400;SUCCESS;64
1;EventManagerTakeBikesFromStation;5400;SUCCESS;151
1;EventManagerTakeBikesFromStation;5400;SUCCESS;64
1;EventManagerTakeBikesFromStation;5400;SUCCESS;64
1;EventManagerTakeBikesFromStation;5400;SUCCESS;151
1;EventManagerTakeBikesFromStation;5400;SUCCESS;64
1;EventManagerTakeBikesFromStation;5400;SUCCESS;113
1;EventManagerTakeBikesFromStation;5400;SUCCESS;113
1;EventManagerTakeBikesFromStation;5400;FAIL;151
1;EventManagerTakeBikesFromStation;5400;SUCCESS;64
1;EventManagerAddBikesToStation;5431;SUCCESS;78
1;EventManagerAddBikesToStation;5630;SUCCESS;83
1;EventManagerAddBikesToStation;6151;SUCCESS;83
1;EventManagerAddBikesToStation;6197;SUCCESS;83
1;EventManagerAddBikesToStation;6316;SUCCESS;79
1;EventManagerAddBikesToStation;6371;SUCCESS;79
1;EventManagerAddBikesToStation;6430;SUCCESS;79
1;EventManagerAddBikesToStation;6478;SUCCESS;79
1;EventManagerAddBikesToStation;6486;SUCCESS;79
1;EventManagerAddBikesToStation;6593;SUCCESS;79
1;EventManagerAddBikesToStation;6635;SUCCESS;83
1;EventManagerAddBikesToStation;6641;SUCCESS;79
1;EventManagerAddBikesToStation;6655;SUCCESS;78
1;EventManagerAddBikesToStation;6702;SUCCESS;83
1;EventManagerAddBikesToStation;6706;SUCCESS;83
1;EventManagerAddBikesToStation;6713;SUCCESS;78
1;EventManagerAddBikesToStation;6722;SUCCESS;78
1;EventManagerAddBikesToStation;6737;SUCCESS;79
1;EventManagerAddBikesToStation;6753;SUCCESS;129
1;EventManagerAddBikesToStation;6790;SUCCESS;83
1;EventManagerAddBikesToStation;6798;SUCCESS;83
1;EventManagerAddBikesToStation;6811;SUCCESS;129
1;EventManagerAddBikesToStation;6875;SUCCESS;83
1;EventManagerAddBikesToStation;6892;SUCCESS;83
1;EventManagerAddBikesToStation;6900;SUCCESS;83
1;EventManagerAddBikesToStation;6950;SUCCESS;50
1;EventManagerAddBikesToStation;7012;SUCCESS;129
1;EventManagerAddBikesToStation;7095;SUCCESS;129
1;EventManagerAddBikesToStation;7098;SUCCESS;129
1;EventManagerAddBikesToStation;7220;SUCCESS;129
1;EventManagerAddBikesToStation;7231;SUCCESS;50
1;EventManagerAddBikesToStation;7251;SUCCESS;50
1;EventManagerAddBikesToStation;7359;SUCCESS;129
1;EventManagerAddBikesToStation;7380;SUCCESS;50
1;EventManagerAddBikesToStation;7402;SUCCESS;82
1;EventManagerAddBikesToStation;7406;SUCCESS;50
1;EventManagerAddBikesToStation;7427;SUCCESS;129
1;EventManagerAddBikesToStation;7428;SUCCESS;129
1;EventManagerAddBikesToStation;7432;SUCCESS;82
1;EventManagerAddBikesToStation;7449;SUCCESS;82
1;EventManagerAddBikesToStation;7572;SUCCESS;82
1;EventManagerAddBikesToStation;7589;SUCCESS;82
1;EventManagerAddBikesToStation;7590;SUCCESS;82
1;EventManagerAddBikesToStation;7606;SUCCESS;82
1;EventManagerAddBikesToStation;7612;SUCCESS;129
1;EventManagerAddBikesToStation;7616;SUCCESS;82
1;EventManagerAddBikesToStation;7623;SUCCESS;82
1;EventManagerAddBikesToStation;7660;SUCCESS;129
1;EventManagerAddBikesToStation;7713;SUCCESS;50
1;EventManagerAddBikesToStation;7740;SUCCESS;50
1;EventManagerAddBikesToStation;7756;SUCCESS;129
1;EventManagerAddBikesToStation;7773;SUCCESS;129
1;EventManagerAddBikesToStation;7862;SUCCESS;50
1;EventManagerAddBikesToStation;8335;SUCCESS;129
1;EventManagerAddBikesToStation;8340;SUCCESS;129
1;EventManagerAddBikesToStation;8459;SUCCESS;43
1;EventManagerAddBikesToStation;8535;SUCCESS;129
1;EventManagerAddBikesToStation;8586;SUCCESS;43
1;EventManagerAddBikesToStation;8607;SUCCESS;129
1;EventManagerAddBikesToStation;8618;SUCCESS;43
1;EventManagerAddBikesToStation;8655;SUCCESS;129
1;EventManagerTakeBikesFromStation;9000;SUCCESS;93
1;EventManagerTakeBikesFromStation;9000;SUCCESS;162
1;EventManagerTakeBikesFromStation;9000;SUCCESS;93
1;EventManagerTakeBikesFromStation;9000;SUCCESS;93
1;EventManagerTakeBikesFromStation;9000;SUCCESS;93
1;EventManagerTakeBikesFromStation;9000;SUCCESS;93
1;EventManagerTakeBikesFromStation;9000;SUCCESS;93
1;EventManagerTakeBikesFromStation;9000;SUCCESS;93
1;EventManagerTakeBikesFromStation;9000;SUCCESS;93
1;EventManagerTakeBikesFromStation;9000;SUCCESS;93
1;EventManagerTakeBikesFromStation;9000;SUCCESS;93
1;EventManagerTakeBikesFromStation;9000;SUCCESS;108
1;EventManagerTakeBikesFromStation;9000;SUCCESS;108
1;EventManagerTakeBikesFromStation;9000;SUCCESS;108
1;EventManagerTakeBikesFromStation;9000;SUCCESS;108
1;EventManagerTakeBikesFromStation;9000;SUCCESS;108
1;EventManagerTakeBikesFromStation;9000;SUCCESS;108
1;EventManagerTakeBikesFromStation;9000;SUCCESS;108
1;EventManagerTakeBikesFromStation;9000;SUCCESS;108
1;EventManagerTakeBikesFromStation;9000;SUCCESS;108
1;EventManagerTakeBikesFromStation;9000;SUCCESS;108
1;EventManagerTakeBikesFromStation;9000;SUCCESS;108
1;EventManagerTakeBikesFromStation;9000;SUCCESS;108
1;EventManagerTakeBikesFromStation;9000;SUCCESS;108
1;EventManagerTakeBikesFromStation;9000;SUCCESS;108
1;EventManagerTakeBikesFromStation;9000;SUCCESS;108
1;EventManagerTakeBikesFromStation;9000;SUCCESS;108
1;EventManagerTakeBikesFromStation;9000;SUCCESS;110
1;EventManagerTakeBikesFromStation;9000;SUCCESS;110
1;EventManagerTakeBikesFromStation;9000;SUCCESS;108
1;EventManagerTakeBikesFromStation;9000;SUCCESS;110
1;EventManagerTakeBikesFromStation;9000;SUCCESS;110
1;EventManagerTakeBikesFromStation;9000;SUCCESS;110
1;EventManagerTakeBikesFromStation;9000;SUCCESS;110
1;EventManagerTakeBikesFromStation;9000;SUCCESS;108
1;EventManagerTakeBikesFromStation;9000;SUCCESS;108
1;EventManagerTakeBikesFromStation;9000;SUCCESS;110
1;EventManagerTakeBikesFromStation;9000;SUCCESS;95
1;EventManagerTakeBikesFromStation;9000;SUCCESS;95
1;EventManagerTakeBikesFromStation;9000;SUCCESS;95
1;EventManagerTakeBikesFromStation;9000;SUCCESS;95
1;EventManagerTakeBikesFromStation;9000;SUCCESS;95
1;EventManagerTakeBikesFromStation;9000;SUCCESS;167
1;EventManagerTakeBikesFromStation;9000;SUCCESS;95
1;EventManagerTakeBikesFromStation;9000;SUCCESS;167
1;EventManagerTakeBikesFromStation;9000;SUCCESS;95
1;EventManagerTakeBikesFromStation;9000;SUCCESS;95
1;EventManagerTakeBikesFromStation;9000;SUCCESS;95
1;EventManagerTakeBikesFromStation;9000;SUCCESS;95
1;EventManagerTakeBikesFromStation;9000;SUCCESS;95
1;EventManagerTakeBikesFromStation;9000;SUCCESS;162
1;EventManagerTakeBikesFromStation;9000;SUCCESS;162
1;EventManagerTakeBikesFromStation;9000;SUCCESS;162
1;EventManagerTakeBikesFromStation;9000;SUCCESS;162
1;EventManagerTakeBikesFromStation;9000;SUCCESS;162
1;EventManagerTakeBikesFromStation;9000;SUCCESS;162
1;EventManagerTakeBikesFromStation;9000;SUCCESS;167
1;EventManagerTakeBikesFromStation;9000;SUCCESS;167
1;EventManagerTakeBikesFromStation;9000;SUCCESS;109
1;EventManagerTakeBikesFromStation;9000;SUCCESS;162
1;EventManagerTakeBikesFromStation;9000;SUCCESS;162
1;EventManagerTakeBikesFromStation;9000;SUCCESS;109
1;EventManagerTakeBikesFromStation;9000;SUCCESS;162
1;EventManagerTakeBikesFromStation;9000;SUCCESS;109
1;EventManagerTakeBikesFromStation;9000;SUCCESS;109
1;EventManagerTakeBikesFromStation;9000;SUCCESS;109
1;EventManagerTakeBikesFromStation;9000;SUCCESS;109
1;EventManagerTakeBikesFromStation;9000;SUCCESS;109
1;EventManagerAddBikesToStation;9171;SUCCESS;43
1;EventManagerAddBikesToStation;9238;SUCCESS;43
1;EventManagerAddBikesToStation;9391;SUCCESS;43
1;EventManagerAddBikesToStation;9454;SUCCESS;43
1;EventManagerAddBikesToStation;9522;SUCCESS;43
1;EventManagerAddBikesToStation;9620;SUCCESS;74
1;EventManagerAddBikesToStation;9662;SUCCESS;74
1;EventManagerAddBikesToStation;9702;SUCCESS;74
1;EventManagerAddBikesToStation;9750;SUCCESS;74
1;EventManagerAddBikesToStation;9789;SUCCESS;74
1;EventManagerAddBikesToStation;9836;SUCCESS;74
1;EventManagerAddBikesToStation;9854;SUCCESS;75
1;EventManagerAddBikesToStation;9939;SUCCESS;163
1;EventManagerAddBikesToStation;9941;SUCCESS;75
1;EventManagerAddBikesToStation;9990;SUCCESS;163
1;EventManagerAddBikesToStation;10059;SUCCESS;78
1;EventManagerAddBikesToStation;10063;SUCCESS;75
1;EventManagerAddBikesToStation;10211;SUCCESS;75
1;EventManagerAddBikesToStation;10325;SUCCESS;75
1;EventManagerAddBikesToStation;10334;SUCCESS;75
1;EventManagerAddBikesToStation;10359;SUCCESS;75
1;EventManagerAddBikesToStation;10520;SUCCESS;75
1;EventManagerAddBikesToStation;10544;SUCCESS;75
1;EventManagerAddBikesToStation;10556;SUCCESS;168
1;EventManagerAddBikesToStation;10587;SUCCESS;75
1;EventManagerAddBikesToStation;10606;SUCCESS;168
1;EventManagerAddBikesToStation;10637;SUCCESS;136
1;EventManagerAddBikesToStation;10657;SUCCESS;136
1;EventManagerAddBikesToStation;10700;SUCCESS;136
1;EventManagerAddBikesToStation;10759;SUCCESS;136
1;EventManagerAddBikesToStation;10812;SUCCESS;75
1;EventManagerAddBikesToStation;10813;SUCCESS;136
1;EventManagerAddBikesToStation;10888;SUCCESS;78
1;EventManagerAddBikesToStation;10902;SUCCESS;78
1;EventManagerAddBikesToStation;10916;SUCCESS;136
1;EventManagerAddBikesToStation;10917;SUCCESS;78
1;EventManagerAddBikesToStation;10998;SUCCESS;168
1;EventManagerAddBikesToStation;11047;SUCCESS;136
1;EventManagerAddBikesToStation;11075;SUCCESS;168
1;EventManagerAddBikesToStation;11125;SUCCESS;168
1;EventManagerAddBikesToStation;11145;SUCCESS;136
1;EventManagerAddBikesToStation;11150;SUCCESS;136
1;EventManagerAddBikesToStation;11181;SUCCESS;168
1;EventManagerAddBikesToStation;11205;SUCCESS;78
1;EventManagerAddBikesToStation;11209;SUCCESS;78
1;EventManagerAddBikesToStation;11233;SUCCESS;168
1;EventManagerAddBikesToStation;11292;SUCCESS;78
1;EventManagerAddBikesToStation;11299;SUCCESS;168
1;EventManagerAddBikesToStation;11360;SUCCESS;168
1;EventManagerAddBikesToStation;11367;SUCCESS;78
1;EventManagerAddBikesToStation;11373;SUCCESS;78
1;EventManagerAddBikesToStation;11374;SUCCESS;78
1;EventManagerAddBikesToStation;11377;SUCCESS;78
1;EventManagerAddBikesToStation;11409;SUCCESS;78
1;EventManagerAddBikesToStation;11419;SUCCESS;77
1;EventManagerAddBikesToStation;11437;SUCCESS;77
1;EventManagerAddBikesToStation;11450;SUCCESS;77
1;EventManagerAddBikesToStation;11681;SUCCESS;77
1;EventManagerAddBikesToStation;11705;SUCCESS;77
1;EventManagerAddBikesToStation;11758;SUCCESS;128
1;EventManagerAddBikesToStation;11791;SUCCESS;77
1;EventManagerAddBikesToStation;11985;SUCCESS;77
1;EventManagerAddBikesToStation;11999;SUCCESS;77
1;EventManagerAddBikesToStation;12154;SUCCESS;128
1;EventManagerAddBikesToStation;12261;SUCCESS;128
1;EventManagerAddBikesToStation;12327;SUCCESS;128
1;EventManagerAddBikesToStation;12329;SUCCESS;128
1;EventManagerAddBikesToStation;12374;SUCCESS;128
1;EventManagerTakeBikesFromStation;12600;SUCCESS;102
1;EventManagerTakeBikesFromStation;12600;SUCCESS;167
1;EventManagerTakeBikesFromStation;12600;SUCCESS;167
1;EventManagerTakeBikesFromStation;12600;SUCCESS;167
1;EventManagerTakeBikesFromStation;12600;SUCCESS;167
1;EventManagerTakeBikesFromStation;12600;SUCCESS;167
1;EventManagerTakeBikesFromStation;12600;SUCCESS;167
1;EventManagerTakeBikesFromStation;12600;SUCCESS;90
1;EventManagerTakeBikesFromStation;12600;SUCCESS;74
1;EventManagerTakeBikesFromStation;12600;SUCCESS;128
1;EventManagerTakeBikesFromStation;12600;SUCCESS;75
1;EventManagerTakeBikesFromStation;12600;SUCCESS;110
1;EventManagerTakeBikesFromStation;12600;SUCCESS;110
1;EventManagerTakeBikesFromStation;12600;SUCCESS;110
1;EventManagerTakeBikesFromStation;12600;SUCCESS;110
1;EventManagerTakeBikesFromStation;12600;SUCCESS;9
1;EventManagerTakeBikesFromStation;12600;SUCCESS;110
1;EventManagerTakeBikesFromStation;12600;SUCCESS;110
1;EventManagerTakeBikesFromStation;12600;SUCCESS;64
1;EventManagerTakeBikesFromStation;12600;SUCCESS;64
1;EventManagerTakeBikesFromStation;12600;SUCCESS;91
1;EventManagerTakeBikesFromStation;12600;SUCCESS;91
1;EventManagerTakeBikesFromStation;12600;SUCCESS;91
1;EventManagerTakeBikesFromStation;12600;SUCCESS;9
1;EventManagerTakeBikesFromStation;12600;SUCCESS;91
1;EventManagerTakeBikesFromStation;12600;SUCCESS;91
1;EventManagerTakeBikesFromStation;12600;SUCCESS;9
1;EventManagerTakeBikesFromStation;12600;SUCCESS;9
1;EventManagerTakeBikesFromStation;12600;SUCCESS;130
1;EventManagerTakeBikesFromStation;12600;SUCCESS;91
1;EventManagerTakeBikesFromStation;12600;SUCCESS;130
1;EventManagerTakeBikesFromStation;12600;SUCCESS;130
1;EventManagerTakeBikesFromStation;12600;SUCCESS;130
1;EventManagerTakeBikesFromStation;12600;SUCCESS;130
1;EventManagerTakeBikesFromStation;12600;SUCCESS;130
1;EventManagerTakeBikesFromStation;12600;SUCCESS;130
1;EventManagerTakeBikesFromStation;12600;SUCCESS;130
1;EventManagerTakeBikesFromStation;12600;SUCCESS;64
1;EventManagerTakeBikesFromStation;12600;SUCCESS;130
1;EventManagerTakeBikesFromStation;12600;SUCCESS;64
1;EventManagerTakeBikesFromStation;12600;SUCCESS;64
1;EventManagerTakeBikesFromStation;12600;SUCCESS;64
1;EventManagerTakeBikesFromStation;12600;SUCCESS;64
1;EventManagerTakeBikesFromStation;12600;SUCCESS;91
1;EventManagerTakeBikesFromStation;12600;SUCCESS;91
1;EventManagerTakeBikesFromStation;12600;SUCCESS;69
1;EventManagerTakeBikesFromStation;12600;SUCCESS;69
1;EventManagerTakeBikesFromStation;12600;SUCCESS;69
1;EventManagerTakeBikesFromStation;12600;SUCCESS;69
1;EventManagerTakeBikesFromStation;12600;SUCCESS;69
1;EventManagerTakeBikesFromStation;12600;SUCCESS;64
1;EventManagerTakeBikesFromStation;12600;SUCCESS;64
1;EventManagerTakeBikesFromStation;12600;SUCCESS;64
1;EventManagerTakeBikesFromStation;12600;SUCCESS;64
1;EventManagerTakeBikesFromStation;12600;SUCCESS;64
1;EventManagerTakeBikesFromStation;12600;SUCCESS;69
1;EventManagerTakeBikesFromStation;12600;SUCCESS;69
1;EventManagerTakeBikesFromStation;12600;SUCCESS;69
1;EventManagerTakeBikesFromStation;12600;SUCCESS;69
1;EventManagerTakeBikesFromStation;12600;SUCCESS;130
1;EventManagerAddBikesToStation;12715;SUCCESS;88
1;EventManagerAddBikesToStation;12749;SUCCESS;75
1;EventManagerAddBikesToStation;12833;SUCCESS;90
1;EventManagerAddBikesToStation;13044;SUCCESS;74
1;EventManagerAddBikesToStation;13163;SUCCESS;163
1;EventManagerAddBikesToStation;13221;SUCCESS;163
1;EventManagerAddBikesToStation;13291;SUCCESS;163
1;EventManagerAddBikesToStation;13322;SUCCESS;133
1;EventManagerAddBikesToStation;13333;SUCCESS;133
1;EventManagerAddBikesToStation;13356;SUCCESS;163
1;EventManagerAddBikesToStation;13388;SUCCESS;133
1;EventManagerAddBikesToStation;13423;SUCCESS;163
1;EventManagerAddBikesToStation;13474;SUCCESS;133
1;EventManagerAddBikesToStation;13480;SUCCESS;163
1;EventManagerAddBikesToStation;13675;SUCCESS;133
1;EventManagerAddBikesToStation;13828;SUCCESS;133
1;EventManagerAddBikesToStation;15541;SUCCESS;134
1;EventManagerAddBikesToStation;15882;SUCCESS;87
1;EventManagerAddBikesToStation;15933;SUCCESS;87
1;EventManagerAddBikesToStation;16017;SUCCESS;87
1;EventManagerAddBikesToStation;16097;SUCCESS;87
1;EventManagerAddBikesToStation;16179;SUCCESS;49
1;EventManagerTakeBikesFromStation;16200;SUCCESS;88
1;EventManagerTakeBikesFromStation;16200;SUCCESS;78
1;EventManagerTakeBikesFromStation;16200;SUCCESS;9
1;EventManagerTakeBikesFromStation;16200;SUCCESS;9
1;EventManagerTakeBikesFromStation;16200;SUCCESS;9
1;EventManagerTakeBikesFromStation;16200;SUCCESS;9
1;EventManagerTakeBikesFromStation;16200;SUCCESS;147
1;EventManagerTakeBikesFromStation;16200;SUCCESS;147
1;EventManagerTakeBikesFromStation;16200;SUCCESS;147
1;EventManagerTakeBikesFromStation;16200;SUCCESS;147
1;EventManagerTakeBikesFromStation;16200;SUCCESS;147
1;EventManagerTakeBikesFromStation;16200;SUCCESS;147
1;EventManagerTakeBikesFromStation;16200;SUCCESS;147
1;EventManagerTakeBikesFromStation;16200;SUCCESS;167
1;EventManagerTakeBikesFromStation;16200;SUCCESS;167
1;EventManagerTakeBikesFromStation;16200;SUCCESS;167
1;EventManagerTakeBikesFromStation;16200;SUCCESS;109
1;EventManagerTakeBikesFromStation;16200;SUCCESS;109
1;EventManagerTakeBikesFromStation;16200;SUCCESS;109
1;EventManagerTakeBikesFromStation;16200;SUCCESS;109
1;EventManagerTakeBikesFromStation;16200;SUCCESS;109
1;EventManagerTakeBikesFromStation;16200;SUCCESS;109
1;EventManagerTakeBikesFromStation;16200;SUCCESS;109
1;EventManagerTakeBikesFromStation;16200;SUCCESS;109
1;EventManagerAddBikesToStation;16238;SUCCESS;49
1;EventManagerAddBikesToStation;16287;SUCCESS;49
1;EventManagerAddBikesToStation;16344;SUCCESS;78
1;EventManagerAddBikesToStation;16428;SUCCESS;79
1;EventManagerAddBikesToStation;16539;SUCCESS;75
1;EventManagerAddBikesToStation;16584;SUCCESS;75
1;EventManagerAddBikesToStation;16685;SUCCESS;80
1;EventManagerAddBikesToStation;16777;SUCCESS;142
1;EventManagerAddBikesToStation;16832;SUCCESS;142
1;EventManagerAddBikesToStation;16896;SUCCESS;142
1;EventManagerAddBikesToStation;16953;SUCCESS;80
1;EventManagerAddBikesToStation;16958;SUCCESS;142
1;EventManagerAddBikesToStation;16981;SUCCESS;49
1;EventManagerAddBikesToStation;17014;SUCCESS;80
1;EventManagerAddBikesToStation;17018;SUCCESS;142
1;EventManagerAddBikesToStation;17054;SUCCESS;49
1;EventManagerAddBikesToStation;17069;SUCCESS;142
1;EventManagerAddBikesToStation;17115;SUCCESS;49
1;EventManagerAddBikesToStation;17116;SUCCESS;80
1;EventManagerAddBikesToStation;17120;SUCCESS;142
1;EventManagerAddBikesToStation;17165;SUCCESS;49
1;EventManagerAddBikesToStation;17217;SUCCESS;49
1;EventManagerAddBikesToStation;17273;SUCCESS;80
1;EventManagerAddBikesToStation;17274;SUCCESS;49
1;EventManagerAddBikesToStation;17318;SUCCESS;75
1;EventManagerAddBikesToStation;17328;SUCCESS;75
1;EventManagerAddBikesToStation;17358;SUCCESS;80
1;EventManagerAddBikesToStation;17360;SUCCESS;49
1;EventManagerAddBikesToStation;17416;SUCCESS;49
1;EventManagerAddBikesToStation;17541;SUCCESS;49
1;EventManagerAddBikesToStation;17915;SUCCESS;89
1;EventManagerAddBikesToStation;17997;SUCCESS;142
1;EventManagerAddBikesToStation;18057;SUCCESS;79
1;EventManagerAddBikesToStation;18113;SUCCESS;79
1;EventManagerAddBikesToStation;18166;SUCCESS;89
1;EventManagerAddBikesToStation;18173;SUCCESS;89
1;EventManagerAddBikesToStation;18175;SUCCESS;89
1;EventManagerAddBikesToStation;18335;SUCCESS;89
1;EventManagerAddBikesToStation;18404;SUCCESS;79
1;EventManagerAddBikesToStation;18487;SUCCESS;79
1;EventManagerAddBikesToStation;18706;SUCCESS;79
1;EventManagerAddBikesToStation;18763;SUCCESS;134
1;EventManagerAddBikesToStation;18778;SUCCESS;79
1;EventManagerAddBikesToStation;18791;SUCCESS;79
1;EventManagerAddBikesToStation;18831;SUCCESS;134
1;EventManagerAddBikesToStation;18879;SUCCESS;134
1;EventManagerAddBikesToStation;18947;SUCCESS;134
1;EventManagerAddBikesToStation;19115;SUCCESS;81
1;EventManagerAddBikesToStation;19147;SUCCESS;81
1;EventManagerAddBikesToStation;19154;SUCCESS;81
1;EventManagerAddBikesToStation;19160;SUCCESS;81
1;EventManagerAddBikesToStation;19172;SUCCESS;81
1;EventManagerAddBikesToStation;19691;SUCCESS;128
1;EventManagerAddBikesToStation;19799;SUCCESS;128
1;EventManagerTakeBikesFromStation;19800;SUCCESS;139
1;EventManagerTakeBikesFromStation;19800;SUCCESS;126
1;EventManagerTakeBikesFromStation;19800;SUCCESS;126
1;EventManagerTakeBikesFromStation;19800;SUCCESS;126
1;EventManagerAddBikesToStation;19935;SUCCESS;128
1;EventManagerAddBikesToStation;19962;SUCCESS;128
1;EventManagerAddBikesToStation;20338;SUCCESS;81
1;EventManagerAddBikesToStation;20462;SUCCESS;81
1;EventManagerAddBikesToStation;20712;SUCCESS;6
1;EventManagerAddBikesToStation;21046;SUCCESS;81
1;EventManagerAddBikesToStation;21104;SUCCESS;81
1;EventManagerAddBikesToStation;22928;SUCCESS;172
1;EventManagerAddBikesToStation;22952;SUCCESS;172
1;EventManagerAddBikesToStation;23013;SUCCESS;172
1;EventManagerAddBikesToStation;23177;SUCCESS;172
1;EventManagerAddBikesToStation;23198;SUCCESS;172
1;EventManagerAddBikesToStation;23227;SUCCESS;172
1;EventManagerTakeBikesFromStation;23400;SUCCESS;162
1;EventManagerTakeBikesFromStation;23400;SUCCESS;162
1;EventManagerTakeBikesFromStation;23400;SUCCESS;162
1;EventManagerTakeBikesFromStation;23400;SUCCESS;127
1;EventManagerTakeBikesFromStation;23400;SUCCESS;162
1;EventManagerTakeBikesFromStation;23400;SUCCESS;127
1;EventManagerTakeBikesFromStation;23400;SUCCESS;127
1;EventManagerTakeBikesFromStation;23400;SUCCESS;127
1;EventManagerTakeBikesFromStation;23400;SUCCESS;127
1;EventManagerTakeBikesFromStation;23400;SUCCESS;136
1;EventManagerTakeBikesFromStation;23400;SUCCESS;136
1;EventManagerTakeBikesFromStation;23400;SUCCESS;136
1;EventManagerTakeBikesFromStation;23400;SUCCESS;136
1;EventManagerTakeBikesFromStation;23400;SUCCESS;136
1;EventManagerAddBikesToStation;24382;SUCCESS;108
1;EventManagerAddBikesToStation;24438;SUCCESS;108
1;EventManagerAddBikesToStation;24446;SUCCESS;108
1;EventManagerAddBikesToStation;24639;SUCCESS;108
1;EventManagerAddBikesToStation;24757;SUCCESS;108
1;EventManagerAddBikesToStation;24818;SUCCESS;108
1;EventManagerAddBikesToStation;24878;SUCCESS;108
1;EventManagerAddBikesToStation;24991;SUCCESS;53
1;EventManagerAddBikesToStation;25500;SUCCESS;151
1;EventManagerAddBikesToStation;25544;SUCCESS;151
1;EventManagerAddBikesToStation;25587;SUCCESS;151
1;EventManagerAddBikesToStation;25632;SUCCESS;151
1;EventManagerAddBikesToStation;25673;SUCCESS;151
1;EventManagerAddBikesToStation;26896;SUCCESS;108
1;EventManagerAddBikesToStation;26951;SUCCESS;108
1;EventManagerAddBikesToStation;26987;SUCCESS;108
1;EventManagerAddBikesToStation;27038;SUCCESS;108
1;EventManagerAddBikesToStation;27067;FAIL;108
1;EventManagerTakeBikesFromStation;30600;SUCCESS;80
1;EventManagerTakeBikesFromStation;30600;SUCCESS;80
1;EventManagerTakeBikesFromStation;30600;SUCCESS;49
1;EventManagerTakeBikesFromStation;30600;SUCCESS;49
1;EventManagerTakeBikesFromStation;30600;SUCCESS;49
1;EventManagerTakeBikesFromStation;30600;SUCCESS;49
1;EventManagerTakeBikesFromStation;30600;SUCCESS;49
1;EventManagerTakeBikesFromStation;30600;SUCCESS;49
1;EventManagerTakeBikesFromStation;30600;SUCCESS;49
1;EventManagerTakeBikesFromStation;30600;SUCCESS;49
1;EventManagerTakeBikesFromStation;30600;SUCCESS;49
1;EventManagerTakeBikesFromStation;30600;SUCCESS;132
1;EventManagerTakeBikesFromStation;30600;SUCCESS;132
1;EventManagerTakeBikesFromStation;30600;SUCCESS;132
1;EventManagerTakeBikesFromStation;30600;SUCCESS;132
1;EventManagerTakeBikesFromStation;30600;SUCCESS;132
1;EventManagerTakeBikesFromStation;30600;SUCCESS;132
1;EventManagerTakeBikesFromStation;30600;SUCCESS;132
1;EventManagerTakeBikesFromStation;30600;SUCCESS;132
1;EventManagerTakeBikesFromStation;30600;SUCCESS;132
1;EventManagerTakeBikesFromStation;30600;SUCCESS;132
1;EventManagerTakeBikesFromStation;30600;SUCCESS;132
1;EventManagerTakeBikesFromStation;30600;SUCCESS;132
1;EventManagerTakeBikesFromStation;30600;SUCCESS;132
1;EventManagerTakeBikesFromStation;30600;SUCCESS;80
1;EventManagerTakeBikesFromStation;30600;SUCCESS;80
1;EventManagerAddBikesToStation;32174;SUCCESS;91
1;EventManagerAddBikesToStation;32200;SUCCESS;91
1;EventManagerAddBikesToStation;32299;SUCCESS;91
1;EventManagerAddBikesToStation;32350;SUCCESS;91
1;EventManagerAddBikesToStation;32437;SUCCESS;91
1;EventManagerAddBikesToStation;32923;SUCCESS;69
1;EventManagerAddBikesToStation;32961;SUCCESS;69
1;EventManagerAddBikesToStation;33012;SUCCESS;69
1;EventManagerAddBikesToStation;33059;SUCCESS;69
1;EventManagerAddBikesToStation;33105;SUCCESS;69
1;EventManagerAddBikesToStation;33166;SUCCESS;69
1;EventManagerAddBikesToStation;33255;SUCCESS;69
1;EventManagerAddBikesToStation;33274;SUCCESS;69
1;EventManagerAddBikesToStation;33626;SUCCESS;110
1;EventManagerAddBikesToStation;33627;SUCCESS;110
1;EventManagerAddBikesToStation;33630;SUCCESS;110
1;EventManagerAddBikesToStation;33701;SUCCESS;110
1;EventManagerTakeBikesFromStation;34200;SUCCESS;132
1;EventManagerTakeBikesFromStation;34200;SUCCESS;132
1;EventManagerTakeBikesFromStation;34200;FAIL;132
1;EventManagerTakeBikesFromStation;34200;FAIL;132
1;EventManagerTakeBikesFromStation;34200;FAIL;132
1;EventManagerTakeBikesFromStation;34200;FAIL;132
1;EventManagerTakeBikesFromStation;34200;SUCCESS;82
1;EventManagerTakeBikesFromStation;34200;SUCCESS;82
1;EventManagerTakeBikesFromStation;34200;SUCCESS;82
1;EventManagerTakeBikesFromStation;34200;SUCCESS;82
1;EventManagerTakeBikesFromStation;34200;SUCCESS;82
1;EventManagerTakeBikesFromStation;34200;SUCCESS;82
1;EventManagerTakeBikesFromStation;34200;SUCCESS;80
1;EventManagerTakeBikesFromStation;34200;SUCCESS;82
1;EventManagerTakeBikesFromStation;34200;SUCCESS;50
1;EventManagerTakeBikesFromStation;34200;SUCCESS;50
1;EventManagerTakeBikesFromStation;34200;SUCCESS;80
1;EventManagerTakeBikesFromStation;34200;SUCCESS;50
1;EventManagerTakeBikesFromStation;34200;SUCCESS;80
1;EventManagerTakeBikesFromStation;34200;SUCCESS;50
1;EventManagerTakeBikesFromStation;34200;SUCCESS;80
1;EventManagerTakeBikesFromStation;34200;SUCCESS;50
1;EventManagerTakeBikesFromStation;34200;SUCCESS;80
1;EventManagerTakeBikesFromStation;34200;SUCCESS;50
1;EventManagerTakeBikesFromStation;34200;SUCCESS;80
1;EventManagerTakeBikesFromStation;34200;SUCCESS;50
1;EventManagerTakeBikesFromStation;34200;SUCCESS;50
1;EventManagerTakeBikesFromStation;34200;SUCCESS;50
1;EventManagerTakeBikesFromStation;34200;SUCCESS;135
1;EventManagerTakeBikesFromStation;34200;SUCCESS;135
1;EventManagerTakeBikesFromStation;34200;SUCCESS;135
1;EventManagerTakeBikesFromStation;34200;SUCCESS;135
1;EventManagerTakeBikesFromStation;34200;SUCCESS;135
1;EventManagerTakeBikesFromStation;34200;SUCCESS;135
1;EventManagerTakeBikesFromStation;34200;SUCCESS;135
1;EventManagerTakeBikesFromStation;34200;SUCCESS;135
1;EventManagerTakeBikesFromStation;34200;SUCCESS;135
1;EventManagerTakeBikesFromStation;34200;SUCCESS;49
1;EventManagerTakeBikesFromStation;34200;SUCCESS;135
1;EventManagerTakeBikesFromStation;34200;SUCCESS;129
1;EventManagerTakeBikesFromStation;34200;SUCCESS;129
1;EventManagerTakeBikesFromStation;34200;SUCCESS;129
1;EventManagerTakeBikesFromStation;34200;SUCCESS;129
1;EventManagerTakeBikesFromStation;34200;SUCCESS;83
1;EventManagerTakeBikesFromStation;34200;SUCCESS;129
1;EventManagerTakeBikesFromStation;34200;SUCCESS;83
1;EventManagerTakeBikesFromStation;34200;SUCCESS;83
1;EventManagerTakeBikesFromStation;34200;SUCCESS;83
1;EventManagerTakeBikesFromStation;34200;SUCCESS;83
1;EventManagerTakeBikesFromStation;34200;SUCCESS;129
1;EventManagerTakeBikesFromStation;34200;SUCCESS;83
1;EventManagerTakeBikesFromStation;34200;SUCCESS;129
1;EventManagerTakeBikesFromStation;34200;SUCCESS;79
1;EventManagerTakeBikesFromStation;34200;SUCCESS;83
1;EventManagerTakeBikesFromStation;34200;SUCCESS;79
1;EventManagerTakeBikesFromStation;34200;SUCCESS;79
1;EventManagerTakeBikesFromStation;34200;SUCCESS;79
1;EventManagerTakeBikesFromStation;34200;SUCCESS;79
1;EventManagerTakeBikesFromStation;34200;SUCCESS;79
1;EventManagerTakeBikesFromStation;34200;SUCCESS;79
1;EventManagerTakeBikesFromStation;34200;SUCCESS;79
1;EventManagerTakeBikesFromStation;34200;SUCCESS;79
1;EventManagerTakeBikesFromStation;34200;SUCCESS;79
1;EventManagerTakeBikesFromStation;34200;SUCCESS;136
1;EventManagerTakeBikesFromStation;34200;SUCCESS;136
1;EventManagerTakeBikesFromStation;34200;SUCCESS;136
1;EventManagerTakeBikesFromStation;34200;SUCCESS;136
1;EventManagerTakeBikesFromStation;34200;SUCCESS;136
1;EventManagerTakeBikesFromStation;34200;SUCCESS;136
1;EventManagerAddBikesToStation;34629;SUCCESS;167
1;EventManagerAddBikesToStation;34661;SUCCESS;167
1;EventManagerAddBikesToStation;34841;SUCCESS;167
1;EventManagerAddBikesToStation;34926;SUCCESS;167
1;EventManagerAddBikesToStation;35007;SUCCESS;95
1;EventManagerAddBikesToStation;35039;SUCCESS;95
1;EventManagerAddBikesToStation;35057;SUCCESS;167
1;EventManagerAddBikesToStation;35073;SUCCESS;95
1;EventManagerAddBikesToStation;35116;SUCCESS;95
1;EventManagerAddBikesToStation;35134;SUCCESS;109
1;EventManagerAddBikesToStation;35143;SUCCESS;95
1;EventManagerAddBikesToStation;35204;SUCCESS;167
1;EventManagerAddBikesToStation;35215;SUCCESS;95
1;EventManagerAddBikesToStation;35226;SUCCESS;167
1;EventManagerAddBikesToStation;35248;SUCCESS;167
1;EventManagerAddBikesToStation;35257;SUCCESS;109
1;EventManagerAddBikesToStation;35259;SUCCESS;109
1;EventManagerAddBikesToStation;35346;SUCCESS;95
1;EventManagerAddBikesToStation;35355;SUCCESS;109
1;EventManagerAddBikesToStation;35356;SUCCESS;109
1;EventManagerAddBikesToStation;35428;SUCCESS;91
1;EventManagerAddBikesToStation;35452;SUCCESS;109
1;EventManagerAddBikesToStation;35475;SUCCESS;91
1;EventManagerAddBikesToStation;35523;SUCCESS;109
1;EventManagerAddBikesToStation;35556;SUCCESS;95
1;EventManagerAddBikesToStation;35563;SUCCESS;91
1;EventManagerAddBikesToStation;35611;SUCCESS;91
1;EventManagerAddBikesToStation;35617;SUCCESS;95
1;EventManagerAddBikesToStation;35639;SUCCESS;162
1;EventManagerAddBikesToStation;35654;SUCCESS;91
1;EventManagerAddBikesToStation;35695;SUCCESS;95
1;EventManagerAddBikesToStation;35697;SUCCESS;162
1;EventManagerAddBikesToStation;35706;SUCCESS;91
1;EventManagerAddBikesToStation;35716;SUCCESS;95
1;EventManagerAddBikesToStation;35783;SUCCESS;95
1;EventManagerAddBikesToStation;35804;SUCCESS;95
1;EventManagerAddBikesToStation;35827;SUCCESS;154
1;EventManagerAddBikesToStation;35831;SUCCESS;162
1;EventManagerAddBikesToStation;35847;SUCCESS;95
1;EventManagerAddBikesToStation;35873;SUCCESS;162
1;EventManagerAddBikesToStation;35879;SUCCESS;154
1;EventManagerAddBikesToStation;35891;SUCCESS;95
1;EventManagerAddBikesToStation;35927;SUCCESS;95
1;EventManagerAddBikesToStation;35929;SUCCESS;154
1;EventManagerAddBikesToStation;35973;SUCCESS;95
1;EventManagerAddBikesToStation;35988;SUCCESS;154
1;EventManagerAddBikesToStation;36023;SUCCESS;162
1;EventManagerAddBikesToStation;36035;SUCCESS;162
1;EventManagerAddBikesToStation;36068;SUCCESS;154
1;EventManagerAddBikesToStation;36070;SUCCESS;154
1;EventManagerAddBikesToStation;36165;SUCCESS;154
1;EventManagerAddBikesToStation;36178;SUCCESS;154
1;EventManagerAddBikesToStation;36269;SUCCESS;154
1;EventManagerAddBikesToStation;36299;SUCCESS;162
1;EventManagerAddBikesToStation;36368;SUCCESS;162
1;EventManagerAddBikesToStation;36377;SUCCESS;162
1;EventManagerAddBikesToStation;36514;SUCCESS;109
1;EventManagerAddBikesToStation;36716;SUCCESS;158
1;EventManagerAddBikesToStation;36761;SUCCESS;110
1;EventManagerAddBikesToStation;36915;SUCCESS;110
1;EventManagerAddBikesToStation;37005;SUCCESS;110
1;EventManagerAddBikesToStation;37012;SUCCESS;110
1;EventManagerAddBikesToStation;37019;SUCCESS;110
1;EventManagerAddBikesToStation;37380;SUCCESS;113
1;EventManagerAddBikesToStation;37450;SUCCESS;113
1;EventManagerAddBikesToStation;37464;SUCCESS;158
1;EventManagerAddBikesToStation;37474;SUCCESS;113
1;EventManagerAddBikesToStation;37572;SUCCESS;158
1;EventManagerAddBikesToStation;37628;SUCCESS;158
1;EventManagerAddBikesToStation;37668;SUCCESS;158
1;EventManagerAddBikesToStation;37759;SUCCESS;158
1;EventManagerTakeBikesFromStation;37800;SUCCESS;76
1;EventManagerTakeBikesFromStation;37800;SUCCESS;76
1;EventManagerTakeBikesFromStation;37800;SUCCESS;76
1;EventManagerTakeBikesFromStation;37800;SUCCESS;76
1;EventManagerTakeBikesFromStation;37800;SUCCESS;76
1;EventManagerTakeBikesFromStation;37800;SUCCESS;76
1;EventManagerTakeBikesFromStation;37800;SUCCESS;76
1;EventManagerTakeBikesFromStation;37800;SUCCESS;75
1;EventManagerTakeBikesFromStation;37800;SUCCESS;75
1;EventManagerTakeBikesFromStation;37800;SUCCESS;128
1;EventManagerTakeBikesFromStation;37800;SUCCESS;75
1;EventManagerTakeBikesFromStation;37800;SUCCESS;75
1;EventManagerTakeBikesFromStation;37800;SUCCESS;75
1;EventManagerTakeBikesFromStation;37800;SUCCESS;75
1;EventManagerTakeBikesFromStation;37800;SUCCESS;128
1;EventManagerTakeBikesFromStation;37800;SUCCESS;75
1;EventManagerTakeBikesFromStation;37800;SUCCESS;75
1;EventManagerTakeBikesFromStation;37800;SUCCESS;75
1;EventManagerTakeBikesFromStation;37800;SUCCESS;75
1;EventManagerTakeBikesFromStation;37800;SUCCESS;128
1;EventManagerTakeBikesFromStation;37800;SUCCESS;75
1;EventManagerTakeBikesFromStation;37800;SUCCESS;75
1;EventManagerTakeBikesFromStation;37800;SUCCESS;128
1;EventManagerTakeBikesFromStation;37800;SUCCESS;77
1;EventManagerTakeBikesFromStation;37800;SUCCESS;77
1;EventManagerTakeBikesFromStation;37800;SUCCESS;77
1;EventManagerTakeBikesFromStation;37800;SUCCESS;77
1;EventManagerTakeBikesFromStation;37800;SUCCESS;77
1;EventManagerTakeBikesFromStation;37800;SUCCESS;77
1;EventManagerTakeBikesFromStation;37800;SUCCESS;77
1;EventManagerTakeBikesFromStation;37800;SUCCESS;77
1;EventManagerTakeBikesFromStation;37800;SUCCESS;77
1;EventManagerTakeBikesFromStation;37800;SUCCESS;77
1;EventManagerTakeBikesFromStation;37800;SUCCESS;77
1;EventManagerTakeBikesFromStation;37800;SUCCESS;168
1;EventManagerTakeBikesFromStation;37800;SUCCESS;168
1;EventManagerTakeBikesFromStation;37800;SUCCESS;168
1;EventManagerTakeBikesFromStation;37800;SUCCESS;168
1;EventManagerTakeBikesFromStation;37800;SUCCESS;168
1;EventManagerTakeBikesFromStation;37800;SUCCESS;82
1;EventManagerTakeBikesFromStation;37800;SUCCESS;168
1;EventManagerTakeBikesFromStation;37800;SUCCESS;168
1;EventManagerTakeBikesFromStation;37800;SUCCESS;82
1;EventManagerTakeBikesFromStation;37800;SUCCESS;82
1;EventManagerTakeBikesFromStation;37800;SUCCESS;82
1;EventManagerTakeBikesFromStation;37800;SUCCESS;82
1;EventManagerTakeBikesFromStation;37800;SUCCESS;82
1;EventManagerTakeBikesFromStation;37800;SUCCESS;82
1;EventManagerTakeBikesFromStation;37800;SUCCESS;129
1;EventManagerTakeBikesFromStation;37800;SUCCESS;129
1;EventManagerTakeBikesFromStation;37800;SUCCESS;129
1;EventManagerTakeBikesFromStation;37800;SUCCESS;168
1;EventManagerTakeBikesFromStation;37800;SUCCESS;163
1;EventManagerTakeBikesFromStation;37800;SUCCESS;129
1;EventManagerTakeBikesFromStation;37800;SUCCESS;163
1;EventManagerTakeBikesFromStation;37800;SUCCESS;129
1;EventManagerTakeBikesFromStation;37800;SUCCESS;129
1;EventManagerTakeBikesFromStation;37800;SUCCESS;163
1;EventManagerTakeBikesFromStation;37800;SUCCESS;129
1;EventManagerTakeBikesFromStation;37800;SUCCESS;163
1;EventManagerTakeBikesFromStation;37800;SUCCESS;163
1;EventManagerTakeBikesFromStation;37800;SUCCESS;163
1;EventManagerTakeBikesFromStation;37800;SUCCESS;129
1;EventManagerTakeBikesFromStation;37800;SUCCESS;129
1;EventManagerTakeBikesFromStation;37800;SUCCESS;129
1;EventManagerTakeBikesFromStation;37800;SUCCESS;129
1;EventManagerTakeBikesFromStation;37800;SUCCESS;129
1;EventManagerTakeBikesFromStation;37800;SUCCESS;129
1;EventManagerTakeBikesFromStation;37800;SUCCESS;129
1;EventManagerTakeBikesFromStation;37800;SUCCESS;133
1;EventManagerTakeBikesFromStation;37800;SUCCESS;133
1;EventManagerTakeBikesFromStation;37800;SUCCESS;133
1;EventManagerTakeBikesFromStation;37800;SUCCESS;133
1;EventManagerTakeBikesFromStation;37800;SUCCESS;133
1;EventManagerTakeBikesFromStation;37800;SUCCESS;134
1;EventManagerTakeBikesFromStation;37800;SUCCESS;134
1;EventManagerTakeBikesFromStation;37800;SUCCESS;134
1;EventManagerTakeBikesFromStation;37800;SUCCESS;134
1;EventManagerTakeBikesFromStation;37800;SUCCESS;134
1;EventManagerTakeBikesFromStation;37800;SUCCESS;134
1;EventManagerTakeBikesFromStation;37800;SUCCESS;134
1;EventManagerTakeBikesFromStation;37800;SUCCESS;134
1;EventManagerTakeBikesFromStation;37800;SUCCESS;134
1;EventManagerTakeBikesFromStation;37800;SUCCESS;134
1;EventManagerAddBikesToStation;37850;SUCCESS;158
1;EventManagerAddBikesToStation;37917;SUCCESS;158
1;EventManagerAddBikesToStation;38077;SUCCESS;113
1;EventManagerAddBikesToStation;38078;SUCCESS;113
1;EventManagerAddBikesToStation;38157;SUCCESS;167
1;EventManagerAddBikesToStation;38192;SUCCESS;113
1;EventManagerAddBikesToStation;38517;SUCCESS;93
1;EventManagerAddBikesToStation;38546;SUCCESS;93
1;EventManagerAddBikesToStation;38582;SUCCESS;93
1;EventManagerAddBikesToStation;38619;SUCCESS;93
1;EventManagerAddBikesToStation;38657;SUCCESS;93
1;EventManagerAddBikesToStation;38697;SUCCESS;93
1;EventManagerAddBikesToStation;38733;SUCCESS;111
1;EventManagerAddBikesToStation;38743;SUCCESS;93
1;EventManagerAddBikesToStation;38778;SUCCESS;93
1;EventManagerAddBikesToStation;38813;SUCCESS;111
1;EventManagerAddBikesToStation;38816;SUCCESS;93
1;EventManagerAddBikesToStation;38850;SUCCESS;111
1;EventManagerAddBikesToStation;38853;SUCCESS;145
1;EventManagerAddBikesToStation;38857;SUCCESS;93
1;EventManagerAddBikesToStation;38889;SUCCESS;111
1;EventManagerAddBikesToStation;38897;SUCCESS;93
1;EventManagerAddBikesToStation;38905;SUCCESS;145
1;EventManagerAddBikesToStation;38949;SUCCESS;145
1;EventManagerAddBikesToStation;38959;SUCCESS;111
1;EventManagerAddBikesToStation;38968;SUCCESS;111
1;EventManagerAddBikesToStation;38989;SUCCESS;111
1;EventManagerAddBikesToStation;38992;SUCCESS;151
1;EventManagerAddBikesToStation;39056;SUCCESS;145
1;EventManagerAddBikesToStation;39084;SUCCESS;151
1;EventManagerAddBikesToStation;39091;SUCCESS;151
1;EventManagerAddBikesToStation;39112;SUCCESS;145
1;EventManagerAddBikesToStation;39134;SUCCESS;99
1;EventManagerAddBikesToStation;39159;SUCCESS;145
1;EventManagerAddBikesToStation;39210;SUCCESS;145
1;EventManagerAddBikesToStation;39258;SUCCESS;151
1;EventManagerAddBikesToStation;39261;SUCCESS;111
1;EventManagerAddBikesToStation;39291;SUCCESS;99
1;EventManagerAddBikesToStation;39392;SUCCESS;112
1;EventManagerAddBikesToStation;39400;SUCCESS;151
1;EventManagerAddBikesToStation;39401;SUCCESS;151
1;EventManagerAddBikesToStation;39430;SUCCESS;112
1;EventManagerAddBikesToStation;39454;SUCCESS;112
1;EventManagerAddBikesToStation;39455;SUCCESS;151
1;EventManagerAddBikesToStation;39465;SUCCESS;112
1;EventManagerAddBikesToStation;39521;SUCCESS;99
1;EventManagerAddBikesToStation;39615;SUCCESS;112
1;EventManagerAddBikesToStation;39633;SUCCESS;147
1;EventManagerAddBikesToStation;39643;SUCCESS;112
1;EventManagerAddBikesToStation;39674;SUCCESS;112
1;EventManagerAddBikesToStation;39679;SUCCESS;112
1;EventManagerAddBikesToStation;39695;SUCCESS;143
1;EventManagerAddBikesToStation;39771;SUCCESS;147
1;EventManagerAddBikesToStation;39776;SUCCESS;99
1;EventManagerAddBikesToStation;39779;SUCCESS;147
1;EventManagerAddBikesToStation;39804;SUCCESS;112
1;EventManagerAddBikesToStation;39814;SUCCESS;147
1;EventManagerAddBikesToStation;39837;SUCCESS;108
1;EventManagerAddBikesToStation;39841;SUCCESS;112
1;EventManagerAddBikesToStation;39871;SUCCESS;112
1;EventManagerAddBikesToStation;39885;SUCCESS;108
1;EventManagerAddBikesToStation;39947;SUCCESS;147
1;EventManagerAddBikesToStation;39968;SUCCESS;147
1;EventManagerAddBikesToStation;39971;SUCCESS;108
1;EventManagerAddBikesToStation;40015;SUCCESS;147
1;EventManagerAddBikesToStation;40018;SUCCESS;108
1;EventManagerAddBikesToStation;40062;SUCCESS;108
1;EventManagerAddBikesToStation;40116;SUCCESS;108
1;EventManagerAddBikesToStation;40198;SUCCESS;108
1;EventManagerAddBikesToStation;40303;SUCCESS;143
1;EventManagerAddBikesToStation;40426;SUCCESS;143
1;EventManagerAddBikesToStation;40579;SUCCESS;143
1;EventManagerAddBikesToStation;40582;SUCCESS;143
1;EventManagerAddBikesToStation;40584;SUCCESS;143
1;EventManagerAddBikesToStation;40746;SUCCESS;143
1;EventManagerTakeBikesFromStation;41400;SUCCESS;133
1;EventManagerTakeBikesFromStation;41400;SUCCESS;133
1;EventManagerTakeBikesFromStation;41400;SUCCESS;133
1;EventManagerAddBikesToStation;43060;SUCCESS;110
1;EventManagerAddBikesToStation;43106;SUCCESS;110
1;EventManagerAddBikesToStation;43140;SUCCESS;110
1;EventManagerAddBikesToStation;43141;SUCCESS;110
1;EventManagerAddBikesToStation;43190;SUCCESS;110
1;EventManagerAddBikesToStation;43854;SUCCESS;69
1;EventManagerAddBikesToStation;44047;SUCCESS;69
1;EventManagerAddBikesToStation;44081;SUCCESS;69
1;EventManagerAddBikesToStation;44381;SUCCESS;69
1;EventManagerAddBikesToStation;44517;SUCCESS;69
1;EventManagerAddBikesToStation;44628;SUCCESS;69
1;EventManagerAddBikesToStation;44668;SUCCESS;69
1;EventManagerAddBikesToStation;44902;SUCCESS;69
1;EventManagerTakeBikesFromStation;45000;SUCCESS;136
1;EventManagerTakeBikesFromStation;45000;SUCCESS;136
1;EventManagerTakeBikesFromStation;45000;SUCCESS;136
1;EventManagerTakeBikesFromStation;45000;SUCCESS;136
1;EventManagerTakeBikesFromStation;45000;SUCCESS;136
1;EventManagerTakeBikesFromStation;45000;SUCCESS;136
1;EventManagerTakeBikesFromStation;45000;SUCCESS;136
1;EventManagerTakeBikesFromStation;45000;SUCCESS;136
1;EventManagerTakeBikesFromStation;45000;SUCCESS;136
1;EventManagerTakeBikesFromStation;45000;SUCCESS;89
1;EventManagerTakeBikesFromStation;45000;SUCCESS;135
1;EventManagerTakeBikesFromStation;45000;SUCCESS;89
1;EventManagerTakeBikesFromStation;45000;SUCCESS;89
1;EventManagerTakeBikesFromStation;45000;SUCCESS;89
1;EventManagerTakeBikesFromStation;45000;SUCCESS;89
1;EventManagerTakeBikesFromStation;45000;SUCCESS;89
1;EventManagerTakeBikesFromStation;45000;SUCCESS;89
1;EventManagerTakeBikesFromStation;45000;SUCCESS;89
1;EventManagerTakeBikesFromStation;45000;SUCCESS;135
1;EventManagerTakeBikesFromStation;45000;SUCCESS;89
1;EventManagerTakeBikesFromStation;45000;SUCCESS;135
1;EventManagerTakeBikesFromStation;45000;SUCCESS;82
1;EventManagerTakeBikesFromStation;45000;SUCCESS;135
1;EventManagerTakeBikesFromStation;45000;SUCCESS;135
1;EventManagerTakeBikesFromStation;45000;SUCCESS;135
1;EventManagerTakeBikesFromStation;45000;SUCCESS;135
1;EventManagerTakeBikesFromStation;45000;SUCCESS;135
1;EventManagerTakeBikesFromStation;45000;SUCCESS;135
1;EventManagerTakeBikesFromStation;45000;SUCCESS;135
1;EventManagerTakeBikesFromStation;45000;SUCCESS;135
1;EventManagerTakeBikesFromStation;45000;SUCCESS;135
1;EventManagerTakeBikesFromStation;45000;SUCCESS;82
1;EventManagerTakeBikesFromStation;45000;SUCCESS;82
1;EventManagerTakeBikesFromStation;45000;SUCCESS;82
1;EventManagerTakeBikesFromStation;45000;SUCCESS;82
1;EventManagerTakeBikesFromStation;45000;SUCCESS;82
1;EventManagerTakeBikesFromStation;45000;SUCCESS;82
1;EventManagerTakeBikesFromStation;45000;SUCCESS;82
1;EventManagerTakeBikesFromStation;45000;SUCCESS;85
1;EventManagerTakeBikesFromStation;45000;SUCCESS;85
1;EventManagerTakeBikesFromStation;45000;SUCCESS;85
1;EventManagerTakeBikesFromStation;45000;SUCCESS;85
1;EventManagerTakeBikesFromStation;45000;SUCCESS;85
1;EventManagerTakeBikesFromStation;45000;SUCCESS;85
1;EventManagerTakeBikesFromStation;45000;SUCCESS;85
1;EventManagerTakeBikesFromStation;45000;SUCCESS;157
1;EventManagerTakeBikesFromStation;45000;SUCCESS;157
1;EventManagerTakeBikesFromStation;45000;SUCCESS;84
1;EventManagerTakeBikesFromStation;45000;SUCCESS;84
1;EventManagerTakeBikesFromStation;45000;SUCCESS;85
1;EventManagerTakeBikesFromStation;45000;SUCCESS;84
1;EventManagerTakeBikesFromStation;45000;SUCCESS;84
1;EventManagerTakeBikesFromStation;45000;SUCCESS;157
1;EventManagerTakeBikesFromStation;45000;SUCCESS;168
1;EventManagerTakeBikesFromStation;45000;SUCCESS;157
1;EventManagerTakeBikesFromStation;45000;SUCCESS;168
1;EventManagerTakeBikesFromStation;45000;SUCCESS;168
1;EventManagerTakeBikesFromStation;45000;SUCCESS;168
1;EventManagerTakeBikesFromStation;45000;SUCCESS;168
1;EventManagerTakeBikesFromStation;45000;SUCCESS;168
1;EventManagerTakeBikesFromStation;45000;SUCCESS;168
1;EventManagerTakeBikesFromStation;45000;SUCCESS;168
1;EventManagerTakeBikesFromStation;45000;SUCCESS;168
1;EventManagerTakeBikesFromStation;45000;SUCCESS;168
1;EventManagerAddBikesToStation;45054;SUCCESS;69
1;EventManagerAddBikesToStation;45110;SUCCESS;69
1;EventManagerAddBikesToStation;45910;SUCCESS;126
1;EventManagerAddBikesToStation;45949;SUCCESS;126
1;EventManagerAddBikesToStation;45984;SUCCESS;126
1;EventManagerAddBikesToStation;46031;SUCCESS;93
1;EventManagerAddBikesToStation;46050;SUCCESS;126
1;EventManagerAddBikesToStation;46053;SUCCESS;126
1;EventManagerAddBikesToStation;46067;SUCCESS;93
1;EventManagerAddBikesToStation;46103;SUCCESS;93
1;EventManagerAddBikesToStation;46138;SUCCESS;93
1;EventManagerAddBikesToStation;46159;SUCCESS;152
1;EventManagerAddBikesToStation;46172;SUCCESS;93
1;EventManagerAddBikesToStation;46207;SUCCESS;126
1;EventManagerAddBikesToStation;46208;SUCCESS;110
1;EventManagerAddBikesToStation;46210;SUCCESS;126
1;EventManagerAddBikesToStation;46211;SUCCESS;93
1;EventManagerAddBikesToStation;46250;SUCCESS;93
1;EventManagerAddBikesToStation;46312;SUCCESS;93
1;EventManagerAddBikesToStation;46315;SUCCESS;126
1;EventManagerAddBikesToStation;46323;SUCCESS;91
1;EventManagerAddBikesToStation;46324;SUCCESS;91
1;EventManagerAddBikesToStation;46331;SUCCESS;126
1;EventManagerAddBikesToStation;46331;SUCCESS;93
1;EventManagerAddBikesToStation;46362;SUCCESS;152
1;EventManagerAddBikesToStation;46363;SUCCESS;91
1;EventManagerAddBikesToStation;46365;SUCCESS;110
1;EventManagerAddBikesToStation;46428;SUCCESS;110
1;EventManagerAddBikesToStation;46628;SUCCESS;91
1;EventManagerAddBikesToStation;46638;SUCCESS;91
1;EventManagerAddBikesToStation;46640;SUCCESS;91
1;EventManagerAddBikesToStation;46664;SUCCESS;126
1;EventManagerAddBikesToStation;46666;SUCCESS;93
1;EventManagerAddBikesToStation;46939;SUCCESS;162
1;EventManagerAddBikesToStation;47008;SUCCESS;91
1;EventManagerAddBikesToStation;47015;SUCCESS;162
1;EventManagerAddBikesToStation;47043;SUCCESS;127
1;EventManagerAddBikesToStation;47053;SUCCESS;127
1;EventManagerAddBikesToStation;47055;SUCCESS;162
1;EventManagerAddBikesToStation;47073;SUCCESS;127
1;EventManagerAddBikesToStation;47097;SUCCESS;162
1;EventManagerAddBikesToStation;47139;SUCCESS;162
1;EventManagerAddBikesToStation;47184;SUCCESS;162
1;EventManagerAddBikesToStation;47224;SUCCESS;130
1;EventManagerAddBikesToStation;47230;SUCCESS;162
1;EventManagerAddBikesToStation;47252;SUCCESS;127
1;EventManagerAddBikesToStation;47255;SUCCESS;127
1;EventManagerAddBikesToStation;47278;SUCCESS;162
1;EventManagerAddBikesToStation;47282;SUCCESS;127
1;EventManagerAddBikesToStation;47313;SUCCESS;127
1;EventManagerAddBikesToStation;47343;SUCCESS;162
1;EventManagerAddBikesToStation;47366;SUCCESS;130
1;EventManagerAddBikesToStation;47383;SUCCESS;162
1;EventManagerAddBikesToStation;47444;SUCCESS;162
1;EventManagerAddBikesToStation;48061;SUCCESS;109
1;EventManagerAddBikesToStation;48077;SUCCESS;130
1;EventManagerAddBikesToStation;48186;SUCCESS;130
1;EventManagerAddBikesToStation;48228;SUCCESS;130
1;EventManagerAddBikesToStation;48344;SUCCESS;130
1;EventManagerAddBikesToStation;48387;SUCCESS;130
1;EventManagerAddBikesToStation;48432;SUCCESS;130
1;EventManagerTakeBikesFromStation;48600;SUCCESS;49
1;EventManagerTakeBikesFromStation;48600;SUCCESS;49
1;EventManagerTakeBikesFromStation;48600;SUCCESS;49
1;EventManagerTakeBikesFromStation;48600;SUCCESS;49
1;EventManagerTakeBikesFromStation;48600;SUCCESS;49
1;EventManagerTakeBikesFromStation;48600;SUCCESS;49
1;EventManagerTakeBikesFromStation;48600;SUCCESS;49
1;EventManagerTakeBikesFromStation;48600;SUCCESS;49
1;EventManagerTakeBikesFromStation;48600;SUCCESS;75
1;EventManagerTakeBikesFromStation;48600;SUCCESS;75
1;EventManagerTakeBikesFromStation;48600;SUCCESS;75
1;EventManagerTakeBikesFromStation;48600;SUCCESS;75
1;EventManagerTakeBikesFromStation;48600;SUCCESS;75
1;EventManagerTakeBikesFromStation;48600;SUCCESS;75
1;EventManagerTakeBikesFromStation;48600;SUCCESS;75
1;EventManagerTakeBikesFromStation;48600;SUCCESS;79
1;EventManagerTakeBikesFromStation;48600;SUCCESS;79
1;EventManagerTakeBikesFromStation;48600;SUCCESS;168
1;EventManagerTakeBikesFromStation;48600;SUCCESS;168
1;EventManagerTakeBikesFromStation;48600;SUCCESS;57
1;EventManagerTakeBikesFromStation;48600;SUCCESS;57
1;EventManagerTakeBikesFromStation;48600;SUCCESS;57
1;EventManagerTakeBikesFromStation;48600;SUCCESS;57
1;EventManagerTakeBikesFromStation;48600;SUCCESS;57
1;EventManagerTakeBikesFromStation;48600;SUCCESS;57
1;EventManagerTakeBikesFromStation;48600;SUCCESS;57
1;EventManagerTakeBikesFromStation;48600;SUCCESS;57
1;EventManagerTakeBikesFromStation;48600;SUCCESS;57
1;EventManagerTakeBikesFromStation;48600;SUCCESS;57
1;EventManagerTakeBikesFromStation;48600;SUCCESS;79
1;EventManagerTakeBikesFromStation;48600;SUCCESS;79
1;EventManagerTakeBikesFromStation;48600;SUCCESS;79
1;EventManagerTakeBikesFromStation;48600;SUCCESS;79
1;EventManagerTakeBikesFromStation;48600;SUCCESS;79
1;EventManagerTakeBikesFromStation;48600;SUCCESS;79
1;EventManagerTakeBikesFromStation;48600;SUCCESS;79
1;EventManagerTakeBikesFromStation;48600;SUCCESS;168
1;EventManagerTakeBikesFromStation;48600;SUCCESS;168
1;EventManagerTakeBikesFromStation;48600;SUCCESS;168
1;EventManagerTakeBikesFromStation;48600;SUCCESS;168
1;EventManagerTakeBikesFromStation;48600;SUCCESS;168
1;EventManagerTakeBikesFromStation;48600;SUCCESS;168
1;EventManagerTakeBikesFromStation;48600;SUCCESS;168
1;EventManagerTakeBikesFromStation;48600;SUCCESS;168
1;EventManagerTakeBikesFromStation;48600;SUCCESS;157
1;EventManagerTakeBikesFromStation;48600;SUCCESS;157
1;EventManagerTakeBikesFromStation;48600;SUCCESS;41
1;EventManagerTakeBikesFromStation;48600;SUCCESS;41
1;EventManagerTakeBikesFromStation;48600;SUCCESS;41
1;EventManagerTakeBikesFromStation;48600;SUCCESS;41
1;EventManagerTakeBikesFromStation;48600;SUCCESS;41
1;EventManagerTakeBikesFromStation;48600;SUCCESS;175
1;EventManagerTakeBikesFromStation;48600;SUCCESS;175
1;EventManagerTakeBikesFromStation;48600;SUCCESS;175
1;EventManagerTakeBikesFromStation;48600;SUCCESS;175
1;EventManagerTakeBikesFromStation;48600;SUCCESS;175
1;EventManagerTakeBikesFromStation;48600;SUCCESS;175
1;EventManagerTakeBikesFromStation;48600;SUCCESS;175
1;EventManagerTakeBikesFromStation;48600;SUCCESS;52
1;EventManagerTakeBikesFromStation;48600;SUCCESS;52
1;EventManagerTakeBikesFromStation;48600;SUCCESS;175
1;EventManagerTakeBikesFromStation;48600;SUCCESS;52
1;EventManagerTakeBikesFromStation;48600;SUCCESS;175
1;EventManagerTakeBikesFromStation;48600;SUCCESS;52
1;EventManagerTakeBikesFromStation;48600;SUCCESS;175
1;EventManagerTakeBikesFromStation;48600;SUCCESS;52
1;EventManagerTakeBikesFromStation;48600;SUCCESS;52
1;EventManagerTakeBikesFromStation;48600;SUCCESS;49
1;EventManagerTakeBikesFromStation;48600;SUCCESS;49
1;EventManagerAddBikesToStation;48622;SUCCESS;130
1;EventManagerAddBikesToStation;48632;SUCCESS;130
1;EventManagerAddBikesToStation;48660;SUCCESS;130
1;EventManagerAddBikesToStation;48690;SUCCESS;130
1;EventManagerAddBikesToStation;48705;SUCCESS;109
1;EventManagerAddBikesToStation;48740;SUCCESS;109
1;EventManagerAddBikesToStation;48791;SUCCESS;109
1;EventManagerAddBikesToStation;48829;SUCCESS;109
1;EventManagerAddBikesToStation;49551;SUCCESS;152
1;EventManagerAddBikesToStation;49565;SUCCESS;152
1;EventManagerAddBikesToStation;49912;SUCCESS;99
1;EventManagerAddBikesToStation;49999;SUCCESS;99
1;EventManagerAddBikesToStation;50080;SUCCESS;99
1;EventManagerAddBikesToStation;50265;SUCCESS;99
1;EventManagerAddBikesToStation;50340;SUCCESS;99
1;EventManagerAddBikesToStation;50498;SUCCESS;140
1;EventManagerAddBikesToStation;50786;SUCCESS;140
1;EventManagerAddBikesToStation;50806;SUCCESS;140
1;EventManagerAddBikesToStation;50816;SUCCESS;140
1;EventManagerAddBikesToStation;50831;SUCCESS;140
1;EventManagerAddBikesToStation;50864;SUCCESS;140
1;EventManagerAddBikesToStation;51428;SUCCESS;99
1;EventManagerAddBikesToStation;51450;SUCCESS;99
1;EventManagerAddBikesToStation;51612;SUCCESS;99
1;EventManagerAddBikesToStation;51657;SUCCESS;99
1;EventManagerAddBikesToStation;51684;SUCCESS;99
1;EventManagerAddBikesToStation;51830;SUCCESS;99
1;EventManagerAddBikesToStation;51889;SUCCESS;99
1;EventManagerAddBikesToStation;51944;SUCCESS;95
1;EventManagerAddBikesToStation;51986;SUCCESS;95
1;EventManagerAddBikesToStation;52030;SUCCESS;95
1;EventManagerAddBikesToStation;52097;SUCCESS;95
1;EventManagerAddBikesToStation;52101;SUCCESS;95
1;EventManagerAddBikesToStation;52117;SUCCESS;101
1;EventManagerAddBikesToStation;52158;SUCCESS;101
1;EventManagerAddBikesToStation;52199;SUCCESS;101
1;EventManagerTakeBikesFromStation;52200;SUCCESS;135
1;EventManagerTakeBikesFromStation;52200;SUCCESS;135
1;EventManagerTakeBikesFromStation;52200;SUCCESS;135
1;EventManagerTakeBikesFromStation;52200;SUCCESS;135
1;EventManagerTakeBikesFromStation;52200;SUCCESS;135
1;EventManagerAddBikesToStation;52209;SUCCESS;95
1;EventManagerAddBikesToStation;52211;SUCCESS;95
1;EventManagerAddBikesToStation;52234;SUCCESS;101
1;EventManagerAddBikesToStation;52270;SUCCESS;101
1;EventManagerAddBikesToStation;52311;SUCCESS;101
1;EventManagerAddBikesToStation;52321;SUCCESS;72
1;EventManagerAddBikesToStation;52346;SUCCESS;101
1;EventManagerAddBikesToStation;52406;SUCCESS;72
1;EventManagerAddBikesToStation;52408;SUCCESS;101
1;EventManagerAddBikesToStation;52430;SUCCESS;101
1;EventManagerAddBikesToStation;52490;SUCCESS;101
1;EventManagerAddBikesToStation;52513;SUCCESS;109
1;EventManagerAddBikesToStation;52620;SUCCESS;109
1;EventManagerAddBikesToStation;52789;SUCCESS;109
1;EventManagerAddBikesToStation;52855;SUCCESS;95
1;EventManagerAddBikesToStation;52859;SUCCESS;95
1;EventManagerAddBikesToStation;53173;SUCCESS;72
1;EventManagerAddBikesToStation;53217;SUCCESS;72
1;EventManagerAddBikesToStation;53240;SUCCESS;113
1;EventManagerAddBikesToStation;53242;SUCCESS;113
1;EventManagerAddBikesToStation;53324;SUCCESS;72
1;EventManagerAddBikesToStation;53387;SUCCESS;113
1;EventManagerAddBikesToStation;53387;SUCCESS;113
1;EventManagerAddBikesToStation;53388;SUCCESS;113
1;EventManagerAddBikesToStation;53464;SUCCESS;72
1;EventManagerAddBikesToStation;53526;SUCCESS;72
1;EventManagerAddBikesToStation;53529;SUCCESS;115
1;EventManagerAddBikesToStation;53565;SUCCESS;113
1;EventManagerAddBikesToStation;53581;SUCCESS;115
1;EventManagerAddBikesToStation;53592;SUCCESS;113
1;EventManagerAddBikesToStation;53620;SUCCESS;113
1;EventManagerAddBikesToStation;53624;SUCCESS;115
1;EventManagerAddBikesToStation;53669;SUCCESS;115
1;EventManagerAddBikesToStation;53711;SUCCESS;166
1;EventManagerAddBikesToStation;53729;SUCCESS;115
1;EventManagerAddBikesToStation;53734;SUCCESS;166
1;EventManagerAddBikesToStation;53745;SUCCESS;166
1;EventManagerAddBikesToStation;53775;SUCCESS;115
1;EventManagerAddBikesToStation;53859;SUCCESS;166
1;EventManagerAddBikesToStation;53863;SUCCESS;166
1;EventManagerAddBikesToStation;53863;SUCCESS;166
1;EventManagerAddBikesToStation;53904;SUCCESS;166
1;EventManagerAddBikesToStation;53977;SUCCESS;115
1;EventManagerAddBikesToStation;53994;FAIL;115
1;EventManagerAddBikesToStation;54052;FAIL;115
1;EventManagerAddBikesToStation;54087;FAIL;115
1;EventManagerTakeBikesFromStation;55800;SUCCESS;55
1;EventManagerTakeBikesFromStation;55800;SUCCESS;55
1;EventManagerTakeBikesFromStation;55800;SUCCESS;55
1;EventManagerTakeBikesFromStation;55800;SUCCESS;54
1;EventManagerTakeBikesFromStation;55800;SUCCESS;55
1;EventManagerTakeBikesFromStation;55800;SUCCESS;55
1;EventManagerTakeBikesFromStation;55800;SUCCESS;55
1;EventManagerTakeBikesFromStation;55800;SUCCESS;55
1;EventManagerTakeBikesFromStation;55800;SUCCESS;55
1;EventManagerTakeBikesFromStation;55800;SUCCESS;55
1;EventManagerTakeBikesFromStation;55800;SUCCESS;55
1;EventManagerTakeBikesFromStation;55800;SUCCESS;54
1;EventManagerTakeBikesFromStation;55800;SUCCESS;54
1;EventManagerTakeBikesFromStation;55800;SUCCESS;54
1;EventManagerTakeBikesFromStation;55800;SUCCESS;55
1;EventManagerTakeBikesFromStation;55800;SUCCESS;54
1;EventManagerTakeBikesFromStation;55800;SUCCESS;54
1;EventManagerTakeBikesFromStation;55800;SUCCESS;54
1;EventManagerTakeBikesFromStation;55800;SUCCESS;54
1;EventManagerTakeBikesFromStation;55800;SUCCESS;54
1;EventManagerTakeBikesFromStation;55800;SUCCESS;54
1;EventManagerAddBikesToStation;57120;SUCCESS;108
1;EventManagerAddBikesToStation;57178;SUCCESS;108
1;EventManagerAddBikesToStation;57221;SUCCESS;108
1;EventManagerAddBikesToStation;57264;SUCCESS;108
1;EventManagerAddBikesToStation;57399;SUCCESS;108
1;EventManagerAddBikesToStation;57407;SUCCESS;108
1;EventManagerAddBikesToStation;57419;SUCCESS;108
1;EventManagerAddBikesToStation;58114;SUCCESS;92
1;EventManagerAddBikesToStation;58139;SUCCESS;92
1;EventManagerAddBikesToStation;58338;SUCCESS;92
1;EventManagerAddBikesToStation;58383;SUCCESS;92
1;EventManagerAddBikesToStation;58959;SUCCESS;92
1;EventManagerAddBikesToStation;59002;SUCCESS;92
1;EventManagerAddBikesToStation;59020;SUCCESS;92
1;EventManagerAddBikesToStation;59049;SUCCESS;92
1;EventManagerTakeBikesFromStation;59400;SUCCESS;2
1;EventManagerTakeBikesFromStation;59400;SUCCESS;41
1;EventManagerTakeBikesFromStation;59400;SUCCESS;45
1;EventManagerTakeBikesFromStation;59400;SUCCESS;45
1;EventManagerTakeBikesFromStation;59400;SUCCESS;1
1;EventManagerTakeBikesFromStation;59400;SUCCESS;2
1;EventManagerTakeBikesFromStation;59400;SUCCESS;2
1;EventManagerTakeBikesFromStation;59400;SUCCESS;2
1;EventManagerTakeBikesFromStation;59400;SUCCESS;2
1;EventManagerTakeBikesFromStation;59400;SUCCESS;43
1;EventManagerTakeBikesFromStation;59400;SUCCESS;43
1;EventManagerTakeBikesFromStation;59400;SUCCESS;43
1;EventManagerTakeBikesFromStation;59400;SUCCESS;1
1;EventManagerTakeBikesFromStation;59400;SUCCESS;1
1;EventManagerTakeBikesFromStation;59400;SUCCESS;43
1;EventManagerTakeBikesFromStation;59400;SUCCESS;1
1;EventManagerTakeBikesFromStation;59400;SUCCESS;43
1;EventManagerTakeBikesFromStation;59400;SUCCESS;1
1;EventManagerTakeBikesFromStation;59400;SUCCESS;1
1;EventManagerTakeBikesFromStation;59400;SUCCESS;43
1;EventManagerTakeBikesFromStation;59400;SUCCESS;43
1;EventManagerTakeBikesFromStation;59400;SUCCESS;2
1;EventManagerTakeBikesFromStation;59400;SUCCESS;2
1;EventManagerTakeBikesFromStation;59400;SUCCESS;2
1;EventManagerTakeBikesFromStation;59400;SUCCESS;2
1;EventManagerTakeBikesFromStation;59400;SUCCESS;43
1;EventManagerTakeBikesFromStation;59400;SUCCESS;43
1;EventManagerTakeBikesFromStation;59400;SUCCESS;41
1;EventManagerTakeBikesFromStation;59400;SUCCESS;2
1;EventManagerTakeBikesFromStation;59400;SUCCESS;2
1;EventManagerTakeBikesFromStation;59400;SUCCESS;41
1;EventManagerTakeBikesFromStation;59400;SUCCESS;2
1;EventManagerTakeBikesFromStation;59400;SUCCESS;41
1;EventManagerTakeBikesFromStation;59400;SUCCESS;41
1;EventManagerTakeBikesFromStation;59400;SUCCESS;41
1;EventManagerTakeBikesFromStation;59400;SUCCESS;45
1;EventManagerTakeBikesFromStation;59400;SUCCESS;45
1;EventManagerTakeBikesFromStation;59400;SUCCESS;45
1;EventManagerTakeBikesFromStation;59400;SUCCESS;45
1;EventManagerTakeBikesFromStation;59400;SUCCESS;45
1;EventManagerTakeBikesFromStation;59400;SUCCESS;45
1;EventManagerTakeBikesFromStation;59400;SUCCESS;1
1;EventManagerTakeBikesFromStation;59400;SUCCESS;45
1;EventManagerTakeBikesFromStation;59400;SUCCESS;2
1;EventManagerTakeBikesFromStation;59400;SUCCESS;43
1;EventManagerTakeBikesFromStation;59400;SUCCESS;41
1;EventManagerAddBikesToStation;59880;SUCCESS;110
1;EventManagerAddBikesToStation;59931;SUCCESS;110
1;EventManagerAddBikesToStation;60134;SUCCESS;110
1;EventManagerAddBikesToStation;60137;SUCCESS;110
1;EventManagerAddBikesToStation;60146;SUCCESS;110
1;EventManagerAddBikesToStation;60243;SUCCESS;111
1;EventManagerAddBikesToStation;60248;SUCCESS;110
1;EventManagerAddBikesToStation;60336;SUCCESS;111
1;EventManagerAddBikesToStation;60379;SUCCESS;111
1;EventManagerAddBikesToStation;60638;SUCCESS;111
1;EventManagerAddBikesToStation;60770;SUCCESS;111
1;EventManagerAddBikesToStation;60838;SUCCESS;111
1;EventManagerAddBikesToStation;60891;SUCCESS;90
1;EventManagerAddBikesToStation;60903;SUCCESS;90
1;EventManagerAddBikesToStation;60921;SUCCESS;111
1;EventManagerAddBikesToStation;60927;SUCCESS;90
1;EventManagerAddBikesToStation;60936;SUCCESS;90
1;EventManagerAddBikesToStation;60951;SUCCESS;90
1;EventManagerAddBikesToStation;60981;SUCCESS;90
1;EventManagerAddBikesToStation;61005;SUCCESS;111
1;EventManagerAddBikesToStation;61077;SUCCESS;111
1;EventManagerAddBikesToStation;61146;SUCCESS;111
1;EventManagerAddBikesToStation;61279;SUCCESS;112
1;EventManagerAddBikesToStation;61288;SUCCESS;90
1;EventManagerAddBikesToStation;61307;SUCCESS;90
1;EventManagerAddBikesToStation;61597;SUCCESS;74
1;EventManagerAddBikesToStation;61610;SUCCESS;74
1;EventManagerAddBikesToStation;61658;SUCCESS;113
1;EventManagerAddBikesToStation;61735;SUCCESS;113
1;EventManagerAddBikesToStation;61817;SUCCESS;113
1;EventManagerAddBikesToStation;61893;SUCCESS;113
1;EventManagerAddBikesToStation;61972;SUCCESS;113
1;EventManagerAddBikesToStation;62039;SUCCESS;113
1;EventManagerAddBikesToStation;62162;SUCCESS;74
1;EventManagerAddBikesToStation;62194;SUCCESS;74
1;EventManagerAddBikesToStation;62200;SUCCESS;113
1;EventManagerAddBikesToStation;62270;SUCCESS;74
1;EventManagerAddBikesToStation;62277;SUCCESS;113
1;EventManagerAddBikesToStation;62300;SUCCESS;74
1;EventManagerAddBikesToStation;62313;SUCCESS;74
1;EventManagerAddBikesToStation;62324;SUCCESS;74
1;EventManagerAddBikesToStation;62327;SUCCESS;74
1;EventManagerAddBikesToStation;62355;SUCCESS;113
1;EventManagerTakeBikesFromStation;63000;SUCCESS;10
1;EventManagerTakeBikesFromStation;63000;SUCCESS;49
1;EventManagerTakeBikesFromStation;63000;SUCCESS;49
1;EventManagerTakeBikesFromStation;63000;SUCCESS;10
1;EventManagerTakeBikesFromStation;63000;SUCCESS;49
1;EventManagerTakeBikesFromStation;63000;SUCCESS;10
1;EventManagerTakeBikesFromStation;63000;SUCCESS;49
1;EventManagerTakeBikesFromStation;63000;SUCCESS;10
1;EventManagerTakeBikesFromStation;63000;SUCCESS;10
1;EventManagerTakeBikesFromStation;63000;SUCCESS;10
1;EventManagerTakeBikesFromStation;63000;SUCCESS;10
1;EventManagerTakeBikesFromStation;63000;SUCCESS;87
1;EventManagerTakeBikesFromStation;63000;SUCCESS;10
1;EventManagerTakeBikesFromStation;63000;SUCCESS;49
1;EventManagerTakeBikesFromStation;63000;SUCCESS;10
1;EventManagerTakeBikesFromStation;63000;SUCCESS;49
1;EventManagerTakeBikesFromStation;63000;SUCCESS;87
1;EventManagerTakeBikesFromStation;63000;SUCCESS;49
1;EventManagerTakeBikesFromStation;63000;SUCCESS;87
1;EventManagerTakeBikesFromStation;63000;SUCCESS;49
1;EventManagerTakeBikesFromStation;63000;SUCCESS;87
1;EventManagerTakeBikesFromStation;63000;SUCCESS;87
1;EventManagerTakeBikesFromStation;63000;SUCCESS;77
1;EventManagerTakeBikesFromStation;63000;SUCCESS;77
1;EventManagerTakeBikesFromStation;63000;SUCCESS;77
1;EventManagerTakeBikesFromStation;63000;SUCCESS;77
1;EventManagerTakeBikesFromStation;63000;SUCCESS;77
1;EventManagerTakeBikesFromStation;63000;SUCCESS;77
1;EventManagerTakeBikesFromStation;63000;SUCCESS;53
1;EventManagerTakeBikesFromStation;63000;SUCCESS;53
1;EventManagerTakeBikesFromStation;63000;SUCCESS;53
1;EventManagerTakeBikesFromStation;63000;SUCCESS;53
1;EventManagerTakeBikesFromStation;63000;SUCCESS;53
1;EventManagerTakeBikesFromStation;63000;SUCCESS;10
1;EventManagerTakeBikesFromStation;63000;SUCCESS;133
1;EventManagerTakeBikesFromStation;63000;SUCCESS;133
1;EventManagerTakeBikesFromStation;63000;SUCCESS;133
1;EventManagerTakeBikesFromStation;63000;SUCCESS;133
1;EventManagerTakeBikesFromStation;63000;SUCCESS;133
1;EventManagerTakeBikesFromStation;63000;SUCCESS;133
1;EventManagerTakeBikesFromStation;63000;SUCCESS;133
1;EventManagerTakeBikesFromStation;63000;SUCCESS;49
1;EventManagerTakeBikesFromStation;63000;SUCCESS;77
1;EventManagerTakeBikesFromStation;63000;SUCCESS;77
1;EventManagerTakeBikesFromStation;63000;SUCCESS;53
1;EventManagerTakeBikesFromStation;63000;SUCCESS;49
1;EventManagerTakeBikesFromStation;63000;SUCCESS;77
1;EventManagerTakeBikesFromStation;63000;SUCCESS;53
1;EventManagerTakeBikesFromStation;63000;SUCCESS;53
1;EventManagerTakeBikesFromStation;63000;SUCCESS;77
1;EventManagerTakeBikesFromStation;63000;SUCCESS;53
1;EventManagerTakeBikesFromStation;63000;SUCCESS;87
1;EventManagerTakeBikesFromStation;63000;SUCCESS;49
1;EventManagerTakeBikesFromStation;63000;SUCCESS;87
1;EventManagerTakeBikesFromStation;63000;SUCCESS;53
1;EventManagerAddBikesToStation;63541;SUCCESS;105
1;EventManagerAddBikesToStation;63675;SUCCESS;124
1;EventManagerAddBikesToStation;63801;SUCCESS;105
1;EventManagerAddBikesToStation;63848;SUCCESS;105
1;EventManagerAddBikesToStation;63870;SUCCESS;105
1;EventManagerAddBikesToStation;63890;SUCCESS;105
1;EventManagerAddBikesToStation;63907;SUCCESS;105
1;EventManagerAddBikesToStation;63920;SUCCESS;105
1;EventManagerAddBikesToStation;63970;SUCCESS;123
1;EventManagerAddBikesToStation;63972;SUCCESS;124
1;EventManagerAddBikesToStation;64005;SUCCESS;124
1;EventManagerAddBikesToStation;64063;SUCCESS;124
1;EventManagerAddBikesToStation;64094;SUCCESS;124
1;EventManagerAddBikesToStation;64163;SUCCESS;124
1;EventManagerAddBikesToStation;64190;SUCCESS;123
1;EventManagerAddBikesToStation;64242;SUCCESS;91
1;EventManagerAddBikesToStation;64308;SUCCESS;91
1;EventManagerAddBikesToStation;64379;SUCCESS;91
1;EventManagerAddBikesToStation;64453;SUCCESS;105
1;EventManagerAddBikesToStation;64615;SUCCESS;103
1;EventManagerAddBikesToStation;64632;SUCCESS;103
1;EventManagerAddBikesToStation;64652;SUCCESS;91
1;EventManagerAddBikesToStation;64659;SUCCESS;103
1;EventManagerAddBikesToStation;64671;SUCCESS;91
1;EventManagerAddBikesToStation;64674;SUCCESS;103
1;EventManagerAddBikesToStation;64695;SUCCESS;103
1;EventManagerAddBikesToStation;64715;SUCCESS;103
1;EventManagerAddBikesToStation;64733;SUCCESS;91
1;EventManagerAddBikesToStation;64743;SUCCESS;103
1;EventManagerAddBikesToStation;64753;SUCCESS;103
1;EventManagerAddBikesToStation;64785;SUCCESS;103
1;EventManagerAddBikesToStation;64881;SUCCESS;91
1;EventManagerAddBikesToStation;64922;SUCCESS;91
1;EventManagerAddBikesToStation;64962;SUCCESS;91
1;EventManagerAddBikesToStation;64982;SUCCESS;91
1;EventManagerAddBikesToStation;65110;SUCCESS;17
1;EventManagerAddBikesToStation;65159;SUCCESS;17
1;EventManagerAddBikesToStation;65363;SUCCESS;17
1;EventManagerAddBikesToStation;65758;SUCCESS;17
1;EventManagerAddBikesToStation;65760;SUCCESS;17
1;EventManagerAddBikesToStation;66323;SUCCESS;64
1;EventManagerAddBikesToStation;66333;SUCCESS;64
1;EventManagerAddBikesToStation;66365;SUCCESS;64
1;EventManagerAddBikesToStation;66399;SUCCESS;64
1;EventManagerTakeBikesFromStation;66600;SUCCESS;83
1;EventManagerTakeBikesFromStation;66600;SUCCESS;65
1;EventManagerTakeBikesFromStation;66600;SUCCESS;83
1;EventManagerTakeBikesFromStation;66600;SUCCESS;135
1;EventManagerTakeBikesFromStation;66600;SUCCESS;135
1;EventManagerTakeBikesFromStation;66600;SUCCESS;65
1;EventManagerTakeBikesFromStation;66600;SUCCESS;135
1;EventManagerTakeBikesFromStation;66600;SUCCESS;65
1;EventManagerTakeBikesFromStation;66600;SUCCESS;65
1;EventManagerTakeBikesFromStation;66600;SUCCESS;133
1;EventManagerTakeBikesFromStation;66600;SUCCESS;83
1;EventManagerTakeBikesFromStation;66600;SUCCESS;66
1;EventManagerTakeBikesFromStation;66600;SUCCESS;66
1;EventManagerTakeBikesFromStation;66600;SUCCESS;66
1;EventManagerTakeBikesFromStation;66600;SUCCESS;66
1;EventManagerTakeBikesFromStation;66600;SUCCESS;65
1;EventManagerTakeBikesFromStation;66600;SUCCESS;66
1;EventManagerTakeBikesFromStation;66600;SUCCESS;65
1;EventManagerTakeBikesFromStation;66600;SUCCESS;135
1;EventManagerTakeBikesFromStation;66600;SUCCESS;65
1;EventManagerTakeBikesFromStation;66600;SUCCESS;65
1;EventManagerTakeBikesFromStation;66600;SUCCESS;135
1;EventManagerTakeBikesFromStation;66600;SUCCESS;135
1;EventManagerTakeBikesFromStation;66600;SUCCESS;135
1;EventManagerTakeBikesFromStation;66600;SUCCESS;135
1;EventManagerTakeBikesFromStation;66600;SUCCESS;82
1;EventManagerTakeBikesFromStation;66600;SUCCESS;83
1;EventManagerTakeBikesFromStation;66600;SUCCESS;65
1;EventManagerTakeBikesFromStation;66600;SUCCESS;83
1;EventManagerTakeBikesFromStation;66600;SUCCESS;135
1;EventManagerTakeBikesFromStation;66600;SUCCESS;83
1;EventManagerTakeBikesFromStation;66600;SUCCESS;66
1;EventManagerTakeBikesFromStation;66600;SUCCESS;66
1;EventManagerTakeBikesFromStation;66600;SUCCESS;83
1;EventManagerTakeBikesFromStation;66600;SUCCESS;83
1;EventManagerTakeBikesFromStation;66600;SUCCESS;66
1;EventManagerTakeBikesFromStation;66600;SUCCESS;135
1;EventManagerTakeBikesFromStation;66600;SUCCESS;65
1;EventManagerTakeBikesFromStation;66600;SUCCESS;65
1;EventManagerTakeBikesFromStation;66600;SUCCESS;65
1;EventManagerTakeBikesFromStation;66600;SUCCESS;83
1;EventManagerTakeBikesFromStation;66600;SUCCESS;133
1;EventManagerAddBikesToStation;66607;SUCCESS;98
1;EventManagerAddBikesToStation;66628;SUCCESS;64
1;EventManagerAddBikesToStation;66663;SUCCESS;64
1;EventManagerAddBikesToStation;66674;SUCCESS;64
1;EventManagerAddBikesToStation;66686;SUCCESS;64
1;EventManagerAddBikesToStation;66733;SUCCESS;98
1;EventManagerAddBikesToStation;66779;SUCCESS;64
1;EventManagerAddBikesToStation;66818;SUCCESS;64
1;EventManagerAddBikesToStation;66953;SUCCESS;98
1;EventManagerAddBikesToStation;66976;SUCCESS;98
1;EventManagerAddBikesToStation;67109;SUCCESS;98
1;EventManagerAddBikesToStation;67235;SUCCESS;98
1;EventManagerAddBikesToStation;67678;SUCCESS;148
1;EventManagerAddBikesToStation;67736;SUCCESS;148
1;EventManagerAddBikesToStation;67796;SUCCESS;104
1;EventManagerAddBikesToStation;67803;SUCCESS;148
1;EventManagerAddBikesToStation;67808;SUCCESS;104
1;EventManagerAddBikesToStation;67846;SUCCESS;104
1;EventManagerAddBikesToStation;67852;SUCCESS;104
1;EventManagerAddBikesToStation;67901;SUCCESS;104
1;EventManagerAddBikesToStation;67913;SUCCESS;104
1;EventManagerAddBikesToStation;67976;SUCCESS;104
1;EventManagerAddBikesToStation;68010;SUCCESS;104
1;EventManagerAddBikesToStation;68339;SUCCESS;107
1;EventManagerAddBikesToStation;68408;SUCCESS;104
1;EventManagerAddBikesToStation;68471;SUCCESS;104
1;EventManagerAddBikesToStation;68477;SUCCESS;104
1;EventManagerAddBikesToStation;68613;SUCCESS;162
1;EventManagerAddBikesToStation;68756;SUCCESS;162
1;EventManagerAddBikesToStation;68814;SUCCESS;162
1;EventManagerAddBikesToStation;68861;SUCCESS;162
1;EventManagerAddBikesToStation;68894;SUCCESS;152
1;EventManagerAddBikesToStation;68955;SUCCESS;152
1;EventManagerAddBikesToStation;68978;SUCCESS;76
1;EventManagerAddBikesToStation;69027;SUCCESS;76
1;EventManagerAddBikesToStation;69036;SUCCESS;76
1;EventManagerAddBikesToStation;69063;SUCCESS;152
1;EventManagerAddBikesToStation;69077;SUCCESS;76
1;EventManagerAddBikesToStation;69080;SUCCESS;76
1;EventManagerAddBikesToStation;69089;SUCCESS;76
1;EventManagerAddBikesToStation;69089;SUCCESS;152
1;EventManagerAddBikesToStation;69111;SUCCESS;76
1;EventManagerAddBikesToStation;69127;SUCCESS;76
1;EventManagerAddBikesToStation;69142;SUCCESS;76
1;EventManagerAddBikesToStation;69151;SUCCESS;152
1;EventManagerAddBikesToStation;69205;SUCCESS;152
1;EventManagerAddBikesToStation;69269;SUCCESS;152
1;EventManagerAddBikesToStation;69331;SUCCESS;152
1;EventManagerAddBikesToStation;69938;SUCCESS;100
1;EventManagerAddBikesToStation;70052;SUCCESS;100
1;EventManagerAddBikesToStation;70079;SUCCESS;100
1;EventManagerAddBikesToStation;70113;SUCCESS;148
1;EventManagerAddBikesToStation;70123;SUCCESS;100
1;EventManagerAddBikesToStation;70188;SUCCESS;148
1;EventManagerTakeBikesFromStation;70200;SUCCESS;81
1;EventManagerTakeBikesFromStation;70200;SUCCESS;81
1;EventManagerTakeBikesFromStation;70200;SUCCESS;82
1;EventManagerTakeBikesFromStation;70200;SUCCESS;81
1;EventManagerTakeBikesFromStation;70200;SUCCESS;129
1;EventManagerTakeBikesFromStation;70200;SUCCESS;82
1;EventManagerTakeBikesFromStation;70200;SUCCESS;82
1;EventManagerTakeBikesFromStation;70200;SUCCESS;81
1;EventManagerTakeBikesFromStation;70200;SUCCESS;81
1;EventManagerTakeBikesFromStation;70200;SUCCESS;82
1;EventManagerTakeBikesFromStation;70200;SUCCESS;81
1;EventManagerTakeBikesFromStation;70200;SUCCESS;81
1;EventManagerTakeBikesFromStation;70200;SUCCESS;82
1;EventManagerTakeBikesFromStation;70200;SUCCESS;49
1;EventManagerTakeBikesFromStation;70200;SUCCESS;129
1;EventManagerTakeBikesFromStation;70200;SUCCESS;57
1;EventManagerTakeBikesFromStation;70200;SUCCESS;57
1;EventManagerTakeBikesFromStation;70200;SUCCESS;49
1;EventManagerTakeBikesFromStation;70200;SUCCESS;49
1;EventManagerTakeBikesFromStation;70200;SUCCESS;81
1;EventManagerTakeBikesFromStation;70200;SUCCESS;81
1;EventManagerTakeBikesFromStation;70200;SUCCESS;57
1;EventManagerTakeBikesFromStation;70200;SUCCESS;129
1;EventManagerTakeBikesFromStation;70200;SUCCESS;57
1;EventManagerTakeBikesFromStation;70200;SUCCESS;57
1;EventManagerTakeBikesFromStation;70200;SUCCESS;129
1;EventManagerTakeBikesFromStation;70200;SUCCESS;129
1;EventManagerTakeBikesFromStation;70200;SUCCESS;57
1;EventManagerTakeBikesFromStation;70200;SUCCESS;57
1;EventManagerTakeBikesFromStation;70200;SUCCESS;81
1;EventManagerTakeBikesFromStation;70200;SUCCESS;81
1;EventManagerTakeBikesFromStation;70200;SUCCESS;81
1;EventManagerTakeBikesFromStation;70200;SUCCESS;81
1;EventManagerTakeBikesFromStation;70200;SUCCESS;49
1;EventManagerTakeBikesFromStation;70200;SUCCESS;129
1;EventManagerTakeBikesFromStation;70200;SUCCESS;57
1;EventManagerTakeBikesFromStation;70200;SUCCESS;81
1;EventManagerTakeBikesFromStation;70200;SUCCESS;82
1;EventManagerTakeBikesFromStation;70200;SUCCESS;57
1;EventManagerTakeBikesFromStation;70200;SUCCESS;81
1;EventManagerTakeBikesFromStation;70200;SUCCESS;49
1;EventManagerTakeBikesFromStation;70200;SUCCESS;129
1;EventManagerTakeBikesFromStation;70200;SUCCESS;49
1;EventManagerTakeBikesFromStation;70200;SUCCESS;129
1;EventManagerTakeBikesFromStation;70200;SUCCESS;129
1;EventManagerAddBikesToStation;70378;SUCCESS;97
1;EventManagerAddBikesToStation;70618;SUCCESS;97
1;EventManagerAddBikesToStation;70630;SUCCESS;97
1;EventManagerAddBikesToStation;70647;SUCCESS;97
1;EventManagerAddBikesToStation;70651;SUCCESS;97
1;EventManagerAddBikesToStation;71131;SUCCESS;148
1;EventManagerAddBikesToStation;71196;SUCCESS;148
1;EventManagerAddBikesToStation;71407;SUCCESS;21
1;EventManagerAddBikesToStation;71513;SUCCESS;21
1;EventManagerAddBikesToStation;71565;SUCCESS;167
1;EventManagerAddBikesToStation;71582;SUCCESS;167
1;EventManagerAddBikesToStation;71602;SUCCESS;107
1;EventManagerAddBikesToStation;71615;SUCCESS;167
1;EventManagerAddBikesToStation;71630;SUCCESS;167
1;EventManagerAddBikesToStation;71665;SUCCESS;167
1;EventManagerAddBikesToStation;71675;SUCCESS;167
1;EventManagerAddBikesToStation;71713;SUCCESS;167
1;EventManagerAddBikesToStation;71731;SUCCESS;167
1;EventManagerAddBikesToStation;71747;SUCCESS;107
1;EventManagerAddBikesToStation;71750;SUCCESS;167
1;EventManagerAddBikesToStation;71851;SUCCESS;107
1;EventManagerAddBikesToStation;71980;SUCCESS;107
1;EventManagerAddBikesToStation;72293;SUCCESS;21
1;EventManagerAddBikesToStation;72294;SUCCESS;21
1;EventManagerAddBikesToStation;72348;SUCCESS;21
1;EventManagerAddBikesToStation;72352;SUCCESS;21
1;EventManagerAddBikesToStation;72485;SUCCESS;21
1;EventManagerAddBikesToStation;72488;SUCCESS;21
1;EventManagerAddBikesToStation;72650;SUCCESS;100
1;EventManagerAddBikesToStation;72675;SUCCESS;100
1;EventManagerAddBikesToStation;73013;SUCCESS;32
1;EventManagerAddBikesToStation;73025;SUCCESS;32
1;EventManagerAddBikesToStation;73037;SUCCESS;32
1;EventManagerAddBikesToStation;73138;SUCCESS;32
1;EventManagerAddBikesToStation;73148;SUCCESS;32
1;EventManagerAddBikesToStation;73314;SUCCESS;32
1;EventManagerAddBikesToStation;73413;SUCCESS;32
1;EventManagerAddBikesToStation;73521;SUCCESS;159
1;EventManagerAddBikesToStation;73545;SUCCESS;159
1;EventManagerAddBikesToStation;73694;SUCCESS;159
1;EventManagerAddBikesToStation;73713;SUCCESS;159
1;EventManagerAddBikesToStation;73798;SUCCESS;159
1;EventManagerTakeBikesFromStation;73800;SUCCESS;41
1;EventManagerTakeBikesFromStation;73800;SUCCESS;41
1;EventManagerTakeBikesFromStation;73800;SUCCESS;41
1;EventManagerTakeBikesFromStation;73800;SUCCESS;41
1;EventManagerTakeBikesFromStation;73800;SUCCESS;41
1;EventManagerTakeBikesFromStation;73800;SUCCESS;41
1;EventManagerTakeBikesFromStation;73800;SUCCESS;41
1;EventManagerTakeBikesFromStation;73800;SUCCESS;41
1;EventManagerTakeBikesFromStation;73800;SUCCESS;41
1;EventManagerTakeBikesFromStation;73800;SUCCESS;41
1;EventManagerAddBikesToStation;73818;SUCCESS;159
1;EventManagerAddBikesToStation;73934;SUCCESS;159
1;EventManagerAddBikesToStation;73988;SUCCESS;159
1;EventManagerAddBikesToStation;74002;SUCCESS;159
1;EventManagerAddBikesToStation;76289;SUCCESS;110
1;EventManagerAddBikesToStation;76353;SUCCESS;110
1;EventManagerAddBikesToStation;76426;SUCCESS;110
1;EventManagerAddBikesToStation;76492;SUCCESS;110
1;EventManagerAddBikesToStation;76560;SUCCESS;110
1;EventManagerAddBikesToStation;76644;SUCCESS;110
1;EventManagerTakeBikesFromStation;77400;SUCCESS;149
1;EventManagerTakeBikesFromStation;77400;SUCCESS;128
1;EventManagerTakeBikesFromStation;77400;SUCCESS;139
1;EventManagerTakeBikesFromStation;77400;SUCCESS;135
1;EventManagerTakeBikesFromStation;77400;SUCCESS;175
1;EventManagerTakeBikesFromStation;77400;SUCCESS;175
1;EventManagerTakeBikesFromStation;77400;SUCCESS;139
1;EventManagerTakeBikesFromStation;77400;SUCCESS;135
1;EventManagerTakeBikesFromStation;77400;SUCCESS;128
1;EventManagerTakeBikesFromStation;77400;SUCCESS;149
1;EventManagerTakeBikesFromStation;77400;SUCCESS;149
1;EventManagerTakeBikesFromStation;77400;SUCCESS;139
1;EventManagerTakeBikesFromStation;77400;SUCCESS;128
1;EventManagerTakeBikesFromStation;77400;SUCCESS;135
1;EventManagerTakeBikesFromStation;77400;SUCCESS;135
1;EventManagerTakeBikesFromStation;77400;SUCCESS;136
1;EventManagerTakeBikesFromStation;77400;SUCCESS;129
1;EventManagerTakeBikesFromStation;77400;SUCCESS;149
1;EventManagerTakeBikesFromStation;77400;SUCCESS;128
1;EventManagerTakeBikesFromStation;77400;SUCCESS;135
1;EventManagerTakeBikesFromStation;77400;SUCCESS;136
1;EventManagerTakeBikesFromStation;77400;SUCCESS;129
1;EventManagerTakeBikesFromStation;77400;SUCCESS;139
1;EventManagerTakeBikesFromStation;77400;SUCCESS;136
1;EventManagerTakeBikesFromStation;77400;SUCCESS;139
1;EventManagerTakeBikesFromStation;77400;SUCCESS;129
1;EventManagerTakeBikesFromStation;77400;SUCCESS;149
1;EventManagerTakeBikesFromStation;77400;SUCCESS;129
1;EventManagerTakeBikesFromStation;77400;SUCCESS;136
1;EventManagerTakeBikesFromStation;77400;SUCCESS;136
1;EventManagerTakeBikesFromStation;77400;SUCCESS;175
1;EventManagerTakeBikesFromStation;77400;SUCCESS;135
1;EventManagerTakeBikesFromStation;77400;SUCCESS;149
1;EventManagerTakeBikesFromStation;77400;SUCCESS;129
1;EventManagerTakeBikesFromStation;77400;SUCCESS;139
1;EventManagerTakeBikesFromStation;77400;SUCCESS;175
1;EventManagerTakeBikesFromStation;77400;SUCCESS;135
1;EventManagerTakeBikesFromStation;77400;SUCCESS;139
1;EventManagerTakeBikesFromStation;77400;SUCCESS;139
1;EventManagerTakeBikesFromStation;77400;SUCCESS;128
1;EventManagerTakeBikesFromStation;77400;SUCCESS;149
1;EventManagerTakeBikesFromStation;77400;SUCCESS;136
1;EventManagerTakeBikesFromStation;77400;SUCCESS;128
1;EventManagerTakeBikesFromStation;77400;SUCCESS;175
1;EventManagerAddBikesToStation;78032;SUCCESS;143
1;EventManagerAddBikesToStation;78067;SUCCESS;91
1;EventManagerAddBikesToStation;78110;SUCCESS;143
1;EventManagerAddBikesToStation;78128;SUCCESS;143
1;EventManagerAddBikesToStation;78198;SUCCESS;91
1;EventManagerAddBikesToStation;78399;SUCCESS;143
1;EventManagerAddBikesToStation;78432;SUCCESS;143
1;EventManagerAddBikesToStation;78449;SUCCESS;143
1;EventManagerAddBikesToStation;78497;SUCCESS;91
1;EventManagerAddBikesToStation;78567;SUCCESS;91
1;EventManagerAddBikesToStation;78593;SUCCESS;154
1;EventManagerAddBikesToStation;78607;SUCCESS;154
1;EventManagerAddBikesToStation;78640;SUCCESS;91
1;EventManagerAddBikesToStation;78649;SUCCESS;154
1;EventManagerAddBikesToStation;78667;SUCCESS;154
1;EventManagerAddBikesToStation;78688;SUCCESS;154
1;EventManagerAddBikesToStation;78711;SUCCESS;91
1;EventManagerAddBikesToStation;78778;SUCCESS;91
1;EventManagerAddBikesToStation;78839;SUCCESS;145
1;EventManagerAddBikesToStation;78844;SUCCESS;145
1;EventManagerAddBikesToStation;78940;SUCCESS;154
1;EventManagerAddBikesToStation;78983;SUCCESS;154
1;EventManagerAddBikesToStation;79058;SUCCESS;12
1;EventManagerAddBikesToStation;79072;SUCCESS;12
1;EventManagerAddBikesToStation;79077;SUCCESS;12
1;EventManagerAddBikesToStation;79082;SUCCESS;12
1;EventManagerAddBikesToStation;79095;SUCCESS;154
1;EventManagerAddBikesToStation;79107;SUCCESS;12
1;EventManagerAddBikesToStation;79125;SUCCESS;154
1;EventManagerAddBikesToStation;79128;SUCCESS;12
1;EventManagerAddBikesToStation;79140;SUCCESS;12
1;EventManagerAddBikesToStation;79148;SUCCESS;154
1;EventManagerAddBikesToStation;79162;SUCCESS;145
1;EventManagerAddBikesToStation;79270;SUCCESS;110
1;EventManagerAddBikesToStation;79391;SUCCESS;110
1;EventManagerAddBikesToStation;79455;SUCCESS;110
1;EventManagerAddBikesToStation;79481;SUCCESS;153
1;EventManagerAddBikesToStation;79621;SUCCESS;145
1;EventManagerAddBikesToStation;79645;SUCCESS;145
1;EventManagerAddBikesToStation;80026;SUCCESS;5
1;EventManagerAddBikesToStation;80041;SUCCESS;5
1;EventManagerAddBikesToStation;80085;SUCCESS;5
1;EventManagerAddBikesToStation;80091;SUCCESS;5
1;EventManagerAddBikesToStation;80109;SUCCESS;5
1;EventManagerAddBikesToStation;80148;SUCCESS;5
1;EventManagerAddBikesToStation;80456;SUCCESS;153
1;EventManagerAddBikesToStation;80686;SUCCESS;153
1;EventManagerAddBikesToStation;80707;SUCCESS;153
1;EventManagerAddBikesToStation;80725;SUCCESS;153
1;EventManagerAddBikesToStation;80726;SUCCESS;153
1;EventManagerTakeBikesFromStation;81000;SUCCESS;173
1;EventManagerTakeBikesFromStation;81000;SUCCESS;89
1;EventManagerTakeBikesFromStation;81000;SUCCESS;173
1;EventManagerTakeBikesFromStation;81000;SUCCESS;89
1;EventManagerTakeBikesFromStation;81000;SUCCESS;173
1;EventManagerTakeBikesFromStation;81000;SUCCESS;82
1;EventManagerTakeBikesFromStation;81000;SUCCESS;89
1;EventManagerTakeBikesFromStation;81000;SUCCESS;89
1;EventManagerTakeBikesFromStation;81000;SUCCESS;89
1;EventManagerTakeBikesFromStation;81000;SUCCESS;173
1;EventManagerTakeBikesFromStation;81000;SUCCESS;82
1;EventManagerTakeBikesFromStation;81000;SUCCESS;89
1;EventManagerTakeBikesFromStation;81000;SUCCESS;173
1;EventManagerTakeBikesFromStation;81000;SUCCESS;82
1;EventManagerTakeBikesFromStation;81000;SUCCESS;173
1;EventManagerTakeBikesFromStation;81000;SUCCESS;173
1;EventManagerTakeBikesFromStation;81000;SUCCESS;173
1;EventManagerTakeBikesFromStation;81000;SUCCESS;173
1;EventManagerTakeBikesFromStation;81000;SUCCESS;173
1;EventManagerTakeBikesFromStation;81000;SUCCESS;173
1;EventManagerTakeBikesFromStation;81000;SUCCESS;82
1;EventManagerTakeBikesFromStation;81000;SUCCESS;82
1;EventManagerTakeBikesFromStation;81000;SUCCESS;82
1;EventManagerTakeBikesFromStation;81000;SUCCESS;173
1;EventManagerTakeBikesFromStation;81000;SUCCESS;89
1;EventManagerAddBikesToStation;81891;SUCCESS;9
1;EventManagerAddBikesToStation;81907;SUCCESS;9
1;EventManagerAddBikesToStation;82230;SUCCESS;9
1;EventManagerAddBikesToStation;82270;SUCCESS;9
1;EventManagerAddBikesToStation;82289;SUCCESS;9
1;EventManagerAddBikesToStation;82302;SUCCESS;9
1;EventManagerAddBikesToStation;82318;SUCCESS;9
1;EventManagerAddBikesToStation;82334;SUCCESS;9
1;EventManagerAddBikesToStation;82363;SUCCESS;9
1;EventManagerAddBikesToStation;82737;SUCCESS;58
1;EventManagerAddBikesToStation;82767;SUCCESS;58
1;EventManagerAddBikesToStation;82794;SUCCESS;58
1;EventManagerAddBikesToStation;82840;SUCCESS;58
1;EventManagerAddBikesToStation;82878;SUCCESS;58
1;EventManagerAddBikesToStation;82883;SUCCESS;58
1;EventManagerAddBikesToStation;82898;SUCCESS;61
1;EventManagerAddBikesToStation;82941;SUCCESS;61
1;EventManagerAddBikesToStation;82959;SUCCESS;58
1;EventManagerAddBikesToStation;82983;SUCCESS;61
1;EventManagerAddBikesToStation;83022;SUCCESS;61
1;EventManagerAddBikesToStation;83065;SUCCESS;61
1;EventManagerAddBikesToStation;83105;SUCCESS;61
1;EventManagerAddBikesToStation;83149;SUCCESS;61
1;EventManagerAddBikesToStation;83453;SUCCESS;61
1;EventManagerAddBikesToStation;83502;SUCCESS;61
1;EventManagerAddBikesToStation;83554;SUCCESS;61
1;EventManagerAddBikesToStation;83620;SUCCESS;61
1;EventManagerAddBikesToStation;83706;SUCCESS;61
1;EventManagerAddBikesToStation;83791;SUCCESS;61
